id,timestamp,species,confidence,battery,rms,detection_status,whitelisted,spectrogram_path,features_json
1,2026-09-11T13:17:29+00:00,Red-vented Bulbul,0.8060749769210815,51,0.023499003772216472,,,/app/python/spectrograms/1_Red-vented_Bulbul.png,"{""mfcc_mean"": [-582.876220703125, 83.80253601074219, 4.6590399742126465, 2.5410027503967285, 22.587194442749023, 20.878276824951172, 7.701356410980225, 3.796696662902832, 0.7200245261192322, 1.189177393913269, -0.5444017648696899, 0.09876321256160736, 3.7596218585968018], ""mfcc_std"": [95.05753326416016, 55.89760208129883, 49.541542053222656, 33.13482666015625, 22.773061752319336, 17.77358627319336, 15.905302047729492, 12.70284366607666, 12.421842575073242, 8.97054386138916, 7.985019207000732, 10.469630241394043, 9.985278129577637], ""spectral_centroid_mean"": 4749.720384852031, ""spectral_bandwidth_mean"": 5060.047636883821, ""spectral_rolloff_mean"": 10300.365691489362, ""zero_crossing_rate_mean"": 0.1046895777925532, ""rms_mean"": 0.01174059696495533, ""spectral_flatness_mean"": 0.029033876955509186}"
2,2026-09-11T13:22:51+00:00,Red-whiskered Bulbul,0.7489591240882874,48,0.023292559195493532,,,/app/python/spectrograms/2_Red-whiskered_Bulbul.png,"{""mfcc_mean"": [-511.5341796875, 135.0271453857422, -76.19137573242188, -28.308378219604492, 38.210750579833984, 0.593294620513916, -18.477083206176758, -6.531523704528809, 17.256351470947266, 14.836495399475098, -18.602842330932617, -7.354405403137207, 8.718757629394531], ""mfcc_std"": [90.45612335205078, 45.034751892089844, 34.454532623291016, 24.441574096679688, 28.677621841430664, 41.2755012512207, 15.564950942993164, 20.01829719543457, 12.1934232711792, 18.268911361694336, 14.013933181762695, 13.474485397338867, 14.04464054107666], ""spectral_centroid_mean"": 3034.6854625035676, ""spectral_bandwidth_mean"": 2756.879445392337, ""spectral_rolloff_mean"": 3735.621675531915, ""zero_crossing_rate_mean"": 0.10673100897606383, ""rms_mean"": 0.015400129370391369, ""spectral_flatness_mean"": 0.001607525977306068}"
3,2026-09-11T13:23:15+00:00,Red-whiskered Bulbul,0.9965580105781555,48,0.013318719614100779,,,/app/python/spectrograms/3_Red-whiskered_Bulbul.png,"{""mfcc_mean"": [-602.012939453125, 100.47689819335938, -31.456228256225586, 5.526416778564453, 47.90882873535156, -0.41125768423080444, -4.738046646118164, 8.908175468444824, 11.263378143310547, 12.98708438873291, -5.867504119873047, 4.018182277679443, -2.593383312225342], ""mfcc_std"": [44.24120330810547, 19.075942993164062, 46.75563049316406, 20.8189754486084, 33.12211990356445, 23.46837615966797, 23.78359031677246, 18.15421485900879, 15.832718849182129, 17.197404861450195, 13.060102462768555, 13.327630043029785, 9.589441299438477], ""spectral_centroid_mean"": 4487.387058471848, ""spectral_bandwidth_mean"": 4715.227921489879, ""spectral_rolloff_mean"": 10029.421542553191, ""zero_crossing_rate_mean"": 0.10714310449911348, ""rms_mean"": 0.007002785801887512, ""spectral_flatness_mean"": 0.018783101812005043}"
4,2026-09-11T13:24:39+00:00,Red-whiskered Bulbul,0.7722293138504028,47,0.04047657488791992,,,/app/python/spectrograms/4_Red-whiskered_Bulbul.png,"{""mfcc_mean"": [-487.108154296875, 122.21074676513672, -27.456798553466797, -11.340435981750488, 36.76127243041992, 14.985748291015625, -10.34189510345459, -1.0052859783172607, 11.75168514251709, 6.0686564445495605, -8.337753295898438, -9.211629867553711, -0.6397660374641418], ""mfcc_std"": [92.72472381591797, 67.13707733154297, 59.33103942871094, 33.49870300292969, 23.44858741760254, 21.96875, 19.608652114868164, 13.745396614074707, 19.638771057128906, 14.517066955566406, 13.97223949432373, 14.52115535736084, 11.815258979797363], ""spectral_centroid_mean"": 3024.8091924640967, ""spectral_bandwidth_mean"": 3252.0790277844935, ""spectral_rolloff_mean"": 5771.027260638298, ""zero_crossing_rate_mean"": 0.07957426030585106, ""rms_mean"": 0.025724589824676514, ""spectral_flatness_mean"": 0.008490653708577156}"
5,2026-09-11T13:24:52+00:00,Red-whiskered Bulbul,0.9104936122894287,46,0.020442124003762028,,,/app/python/spectrograms/5_Red-whiskered_Bulbul.png,"{""mfcc_mean"": [-526.660888671875, 134.36463928222656, -8.207598686218262, -7.953165531158447, 34.476661682128906, 13.764047622680664, -13.273686408996582, -4.151898384094238, 7.406720161437988, 2.0873143672943115, -4.442653179168701, -1.634651780128479, -0.37336665391921997], ""mfcc_std"": [60.16218948364258, 52.30348587036133, 41.84041213989258, 25.953039169311523, 29.482877731323242, 27.902864456176758, 24.363183975219727, 17.55475616455078, 19.364177703857422, 18.190778732299805, 12.766002655029297, 17.138612747192383, 10.162190437316895], ""spectral_centroid_mean"": 2776.931734088954, ""spectral_bandwidth_mean"": 3405.829205759394, ""spectral_rolloff_mean"": 5018.035239361702, ""zero_crossing_rate_mean"": 0.07299285239361702, ""rms_mean"": 0.014036960899829865, ""spectral_flatness_mean"": 0.005647021811455488}"
6,2026-09-11T13:27:33+00:00,Common Myna,0.7423776984214783,43,0.011507135986739745,,,/app/python/spectrograms/6_Common_Myna.png,"{""mfcc_mean"": [-614.9550170898438, 85.0245590209961, -45.28610610961914, 6.4036149978637695, 56.14136505126953, 8.853842735290527, -7.669321060180664, -7.650793075561523, 1.6125000715255737, 18.23670196533203, -5.691378593444824, 6.86434268951416, 6.041677474975586], ""mfcc_std"": [42.30872344970703, 27.95078468322754, 56.80961990356445, 16.367761611938477, 32.1847038269043, 17.212440490722656, 16.874855041503906, 15.408099174499512, 12.358856201171875, 16.73734474182129, 12.131982803344727, 16.473922729492188, 12.59249496459961], ""spectral_centroid_mean"": 4418.784340560394, ""spectral_bandwidth_mean"": 4225.052783259865, ""spectral_rolloff_mean"": 8422.373670212766, ""zero_crossing_rate_mean"": 0.12131191821808511, ""rms_mean"": 0.007746535819023848, ""spectral_flatness_mean"": 0.020698655396699905}"
7,2026-09-11T14:03:22+00:00,Red-whiskered Bulbul,0.9706219434738159,21,0.01480136032534656,,,/app/python/spectrograms/7_Red-whiskered_Bulbul.png,"{""mfcc_mean"": [-541.6157836914062, 112.80261993408203, -21.935585021972656, -8.519370079040527, 32.885047912597656, 19.308839797973633, -7.607356071472168, -3.2626047134399414, 2.6342926025390625, 2.271615743637085, -7.0903520584106445, -3.2286314964294434, 1.2910923957824707], ""mfcc_std"": [105.05044555664062, 59.10013198852539, 39.354949951171875, 27.288089752197266, 28.220142364501953, 21.675687789916992, 20.924509048461914, 14.057389259338379, 16.75882911682129, 12.781120300292969, 10.170039176940918, 12.71878433227539, 8.56352424621582], ""spectral_centroid_mean"": 3708.123101676479, ""spectral_bandwidth_mean"": 4228.351473000227, ""spectral_rolloff_mean"": 7454.20545212766, ""zero_crossing_rate_mean"": 0.09889946254432624, ""rms_mean"": 0.008503591641783714, ""spectral_flatness_mean"": 0.016167232766747475}"
8,2026-09-11T14:21:57+00:00,Red-whiskered Bulbul,0.9852964282035828,25,0.010800212240891609,,,/app/python/spectrograms/8_Red-whiskered_Bulbul.png,"{""mfcc_mean"": [-601.4479370117188, 116.54618072509766, -28.3210506439209, -13.115302085876465, 44.47372817993164, 15.65657901763916, 1.3483599424362183, -1.2708606719970703, -0.9073313474655151, 4.927219867706299, -18.08756446838379, -5.0432658195495605, -10.722319602966309], ""mfcc_std"": [41.09822082519531, 25.725494384765625, 43.26154327392578, 26.733949661254883, 35.122798919677734, 23.137224197387695, 23.77384376525879, 21.454856872558594, 16.524274826049805, 14.114386558532715, 13.457206726074219, 10.948561668395996, 10.986244201660156], ""spectral_centroid_mean"": 4040.8399964564733, ""spectral_bandwidth_mean"": 4527.345131212019, ""spectral_rolloff_mean"": 8457.529920212766, ""zero_crossing_rate_mean"": 0.10441773326684398, ""rms_mean"": 0.006297798361629248, ""spectral_flatness_mean"": 0.018841756507754326}"
9,2026-09-11T14:22:17+00:00,Red-whiskered Bulbul,0.8495628237724304,25,0.02566122939601459,,,/app/python/spectrograms/9_Red-whiskered_Bulbul.png,"{""mfcc_mean"": [-508.61187744140625, 160.41494750976562, 13.198768615722656, -7.631207466125488, 27.747852325439453, 22.14942741394043, -0.7140940427780151, 0.19497106969356537, 6.563370227813721, 0.5290746092796326, -8.417682647705078, -4.926891803741455, 0.5555251240730286], ""mfcc_std"": [73.25476837158203, 64.86605072021484, 45.92101287841797, 29.650930404663086, 25.144229888916016, 22.355613708496094, 23.66699981689453, 16.342222213745117, 15.085251808166504, 13.44729232788086, 13.174668312072754, 12.542304039001465, 12.198668479919434], ""spectral_centroid_mean"": 2177.4058845269333, ""spectral_bandwidth_mean"": 3127.5805274265163, ""spectral_rolloff_mean"": 3708.6934840425533, ""zero_crossing_rate_mean"": 0.05460092531028369, ""rms_mean"": 0.018010109663009644, ""spectral_flatness_mean"": 0.0029122403357177973}"
10,2026-09-11T14:22:29+00:00,Red-whiskered Bulbul,0.5601839423179626,25,0.02531172648664108,,,/app/python/spectrograms/10_Red-whiskered_Bulbul.png,"{""mfcc_mean"": [-442.25762939453125, 144.7314453125, -3.363300323486328, 15.2127103805542, 18.220407485961914, 10.31576919555664, -4.179704189300537, 5.317480087280273, -16.908267974853516, 6.3156304359436035, -12.063485145568848, 2.1313891410827637, -1.4154912233352661], ""mfcc_std"": [172.7947998046875, 44.1190071105957, 43.38233947753906, 18.344099044799805, 25.077146530151367, 15.41320514678955, 12.6874418258667, 16.082752227783203, 17.049053192138672, 14.030106544494629, 13.792278289794922, 10.283917427062988, 10.127177238464355], ""spectral_centroid_mean"": 2944.0805488690307, ""spectral_bandwidth_mean"": 4064.0396320233467, ""spectral_rolloff_mean"": 5748.171542553191, ""zero_crossing_rate_mean"": 0.05864915780141844, ""rms_mean"": 0.0182367954403162, ""spectral_flatness_mean"": 0.006606114562600851}"
11,2026-09-11T14:22:30+00:00,Red-vented Bulbul,0.11819636076688766,25,0.028778406278010756,,,/app/python/spectrograms/11_Red-vented_Bulbul.png,"{""mfcc_mean"": [-396.40057373046875, 146.17625427246094, -12.158310890197754, 14.823617935180664, 9.99334716796875, 6.237729549407959, -1.918695092201233, 13.568238258361816, -18.140705108642578, 10.474953651428223, -13.555057525634766, 1.917985200881958, 1.618712306022644], ""mfcc_std"": [166.7711639404297, 39.5672492980957, 32.82048797607422, 13.260538101196289, 17.97690200805664, 12.385390281677246, 12.207843780517578, 12.080066680908203, 16.81995964050293, 11.989934921264648, 12.033075332641602, 9.476232528686523, 8.356217384338379], ""spectral_centroid_mean"": 3094.3699059443784, ""spectral_bandwidth_mean"": 4226.719265252328, ""spectral_rolloff_mean"": 6601.146941489362, ""zero_crossing_rate_mean"": 0.05789076351950355, ""rms_mean"": 0.022352665662765503, ""spectral_flatness_mean"": 0.007317187264561653}"
12,2026-09-11T14:22:39+00:00,Red-whiskered Bulbul,0.2669673562049866,25,0.02118119610331593,,,/app/python/spectrograms/12_Red-whiskered_Bulbul.png,"{""mfcc_mean"": [-529.384765625, 95.11235046386719, 18.19253921508789, -8.194295883178711, 14.352339744567871, 27.216848373413086, 11.619623184204102, -2.887739419937134, -1.2248834371566772, 1.205509066581726, -2.8654348850250244, -2.1427438259124756, 5.309020042419434], ""mfcc_std"": [62.483604431152344, 60.503658294677734, 55.158817291259766, 44.88813018798828, 15.441302299499512, 20.516630172729492, 6.851694107055664, 11.942618370056152, 10.25490951538086, 9.747969627380371, 8.075174331665039, 12.556663513183594, 7.927079200744629], ""spectral_centroid_mean"": 3229.2410383850442, ""spectral_bandwidth_mean"": 4160.227561247565, ""spectral_rolloff_mean"": 6798.371010638298, ""zero_crossing_rate_mean"": 0.0665049451462766, ""rms_mean"": 0.010697903111577034, ""spectral_flatness_mean"": 0.011840338818728924}"
13,2026-09-11T14:23:24+00:00,House Crow,0.6797692775726318,26,0.011009541130202171,,,/app/python/spectrograms/13_House_Crow.png,"{""mfcc_mean"": [-574.8497314453125, 161.5692901611328, -7.689276695251465, -42.25978469848633, 4.204160213470459, 22.644672393798828, 29.885665893554688, 4.098487377166748, -11.41468334197998, 15.833481788635254, 2.2852725982666016, 5.739856243133545, -10.981504440307617], ""mfcc_std"": [54.80793762207031, 33.20209503173828, 38.767974853515625, 44.05461883544922, 14.813544273376465, 16.54224395751953, 13.838455200195312, 12.185954093933105, 10.545899391174316, 8.686758995056152, 8.359990119934082, 8.219483375549316, 8.597616195678711], ""spectral_centroid_mean"": 2663.9347581786274, ""spectral_bandwidth_mean"": 3934.991312017371, ""spectral_rolloff_mean"": 5057.596409574468, ""zero_crossing_rate_mean"": 0.05451261912677305, ""rms_mean"": 0.0080361133441329, ""spectral_flatness_mean"": 0.005869972053915262}"
14,2026-09-11T14:23:35+00:00,House Crow,0.7176838517189026,26,0.010449986957902736,,,/app/python/spectrograms/14_House_Crow.png,"{""mfcc_mean"": [-583.5269165039062, 151.2679443359375, -17.518577575683594, -50.837684631347656, -3.8910908699035645, 14.923286437988281, 23.316600799560547, -3.8475024700164795, -18.575551986694336, 10.086345672607422, -2.1358156204223633, 2.5310091972351074, -12.507475852966309], ""mfcc_std"": [54.75498580932617, 32.09467697143555, 32.84281539916992, 41.98786544799805, 11.696698188781738, 16.5167293548584, 10.771759986877441, 8.227672576904297, 8.343371391296387, 7.247291088104248, 6.542723178863525, 6.240633010864258, 6.95833158493042], ""spectral_centroid_mean"": 3481.8028510529093, ""spectral_bandwidth_mean"": 4466.356422841829, ""spectral_rolloff_mean"": 7745.927526595745, ""zero_crossing_rate_mean"": 0.07915697030141844, ""rms_mean"": 0.006229338701814413, ""spectral_flatness_mean"": 0.011313153430819511}"
15,2026-09-11T14:23:46+00:00,House Crow,0.6971567273139954,26,0.010324692747680166,,,/app/python/spectrograms/15_House_Crow.png,"{""mfcc_mean"": [-579.7144165039062, 153.40211486816406, -20.250579833984375, -53.2032470703125, -2.6227331161499023, 17.376319885253906, 23.786386489868164, -2.7944602966308594, -18.3317813873291, 10.360871315002441, -2.6748270988464355, 2.5302436351776123, -14.597867965698242], ""mfcc_std"": [51.21236801147461, 29.973085403442383, 32.121456146240234, 41.548404693603516, 11.647225379943848, 15.110955238342285, 9.980132102966309, 8.406768798828125, 7.805749893188477, 7.325565338134766, 6.4608588218688965, 6.883734226226807, 7.736809253692627], ""spectral_centroid_mean"": 3277.443347583951, ""spectral_bandwidth_mean"": 4317.703250911186, ""spectral_rolloff_mean"": 6857.463430851064, ""zero_crossing_rate_mean"": 0.07199897495567376, ""rms_mean"": 0.006306266877800226, ""spectral_flatness_mean"": 0.006876522675156593}"
16,2026-09-11T14:25:08+00:00,Red-vented Bulbul,0.5250402092933655,26,0.02424611773431993,,,/app/python/spectrograms/16_Red-vented_Bulbul.png,"{""mfcc_mean"": [-580.088623046875, 73.86978149414062, 14.42739200592041, 4.6711649894714355, 20.210384368896484, 14.191658973693848, -1.36864173412323, -2.1207687854766846, 0.7689182758331299, -4.483495235443115, -5.879612922668457, 0.41232818365097046, -0.3802548944950104], ""mfcc_std"": [61.983612060546875, 59.766788482666016, 32.15362548828125, 17.13886070251465, 22.767250061035156, 12.273860931396484, 13.45932388305664, 10.980395317077637, 9.90613842010498, 8.798260688781738, 8.287810325622559, 10.332929611206055, 8.381046295166016], ""spectral_centroid_mean"": 4670.80316252391, ""spectral_bandwidth_mean"": 5300.0433735573615, ""spectral_rolloff_mean"": 9874.33510638298, ""zero_crossing_rate_mean"": 0.10165600066489362, ""rms_mean"": 0.0071400972083210945, ""spectral_flatness_mean"": 0.027811285108327866}"
17,2026-09-11T14:30:23+00:00,Red-vented Bulbul,0.3788716197013855,27,0.01509163427079016,,,/app/python/spectrograms/17_Red-vented_Bulbul.png,"{""mfcc_mean"": [-579.1686401367188, 111.58963775634766, 36.00654602050781, 13.739121437072754, 26.293079376220703, 23.229751586914062, 6.243129730224609, -3.027482271194458, -4.215915203094482, -5.437483787536621, -5.936957836151123, -3.66544771194458, -3.916966199874878], ""mfcc_std"": [66.81011199951172, 63.89311599731445, 27.392139434814453, 19.06334686279297, 18.1667423248291, 13.477621078491211, 13.933867454528809, 11.515955924987793, 12.363120079040527, 11.882567405700684, 9.710955619812012, 7.226951599121094, 9.103657722473145], ""spectral_centroid_mean"": 3639.053061099448, ""spectral_bandwidth_mean"": 4868.774138389814, ""spectral_rolloff_mean"": 8286.070478723404, ""zero_crossing_rate_mean"": 0.06080313608156029, ""rms_mean"": 0.007553420029580593, ""spectral_flatness_mean"": 0.01240511517971754}"
18,2026-09-11T22:09:49+00:00,Pied Avocet,0.19138313829898834,63,0.026448557275614924,NON_WHITELISTED,0,,
19,2026-09-11T22:09:50+00:00,Pied Avocet,0.5158150792121887,63,0.027973668396427745,NON_WHITELISTED,0,,
20,2026-09-11T22:09:52+00:00,Pied Avocet,0.2545173764228821,63,0.014371465881783223,NON_WHITELISTED,0,,
21,2026-09-11T22:09:55+00:00,Red-vented Bulbul,0.12468496710062027,63,0.010111022505829332,CANDIDATE,1,,
22,2026-09-11T22:09:55+00:00,Red-vented Bulbul,0.12468496710062027,63,0.010111022505829332,CONFIRMED,1,/app/python/spectrograms/22_Red-vented_Bulbul.png,"{""mfcc_mean"": [-540.3666381835938, 168.44590759277344, -10.885095596313477, -21.246320724487305, 23.17645835876465, 0.522729754447937, -4.069129943847656, -10.128746032714844, -9.246122360229492, 9.054734230041504, -8.455881118774414, -0.9706311821937561, -6.451157093048096], ""mfcc_std"": [26.402124404907227, 10.084023475646973, 27.294456481933594, 15.374419212341309, 17.132659912109375, 14.389300346374512, 14.633252143859863, 11.589555740356445, 11.058238983154297, 10.593470573425293, 10.574804306030273, 9.535043716430664, 10.333464622497559], ""spectral_centroid_mean"": 2625.8659031932502, ""spectral_bandwidth_mean"": 3887.8892401362295, ""spectral_rolloff_mean"": 3361.785239361702, ""zero_crossing_rate_mean"": 0.06341422872340426, ""rms_mean"": 0.006324729882180691, ""spectral_flatness_mean"": 0.0022799428552389145}"
23,2026-09-11T22:09:56+00:00,Red-vented Bulbul,0.21213701367378235,63,0.010322783910793075,CANDIDATE,1,,
24,2026-09-11T22:09:58+00:00,Red-vented Bulbul,0.09819459915161133,63,0.025576658618297544,CANDIDATE,1,,
25,2026-09-11T22:10:00+00:00,Red-winged Starling,0.0962030217051506,63,0.032910670333702464,NON_WHITELISTED,0,,
26,2026-09-11T22:10:01+00:00,Red-winged Starling,0.04751639813184738,63,0.025105118777058528,LOW_CONFIDENCE,0,,
27,2026-09-11T22:10:02+00:00,Red-vented Bulbul,0.0893121063709259,63,0.018997801294580473,CANDIDATE,1,,
28,2026-09-11T22:10:04+00:00,Crag Chilia,0.08773226290941238,63,0.016962944846624667,NON_WHITELISTED,0,,
29,2026-09-11T22:10:11+00:00,Red-vented Bulbul,0.16977304220199585,63,0.018941730694561863,CANDIDATE,1,,
30,2026-09-11T22:10:11+00:00,Red-vented Bulbul,0.16977304220199585,63,0.018941730694561863,CONFIRMED,1,/app/python/spectrograms/30_Red-vented_Bulbul.png,"{""mfcc_mean"": [-509.40435791015625, 137.0811004638672, -6.146910190582275, -8.196038246154785, 19.21822166442871, 6.879883766174316, -6.550734996795654, -6.975473403930664, -4.94059419631958, 0.9998288154602051, -1.6221513748168945, -4.399874210357666, -0.8354372978210449], ""mfcc_std"": [48.439918518066406, 14.706968307495117, 54.55784606933594, 15.631365776062012, 24.742841720581055, 10.364246368408203, 9.961180686950684, 5.88877534866333, 7.286820411682129, 5.608395576477051, 6.38950252532959, 7.413407802581787, 7.954250335693359], ""spectral_centroid_mean"": 2677.179914264394, ""spectral_bandwidth_mean"": 3956.4404131956744, ""spectral_rolloff_mean"": 3588.1815159574467, ""zero_crossing_rate_mean"": 0.05801716256648936, ""rms_mean"": 0.009055688045918941, ""spectral_flatness_mean"": 0.0023197622504085302}"
31,2026-09-11T22:10:13+00:00,Red-vented Bulbul,0.46096789836883545,63,0.023742429660758166,CANDIDATE,1,,
32,2026-09-11T22:10:14+00:00,Common Iora,0.08538804203271866,63,0.02376199810730803,NON_WHITELISTED,0,,
33,2026-09-11T22:10:16+00:00,Fork-tailed Drongo,0.06354118138551712,63,0.019502106416820115,NON_WHITELISTED,0,,
34,2026-09-11T22:10:17+00:00,Red-vented Bulbul,0.42449498176574707,62,0.011572251985686796,CANDIDATE,1,,
35,2026-09-11T22:10:19+00:00,Red-vented Bulbul,0.17897824943065643,62,0.0111006382740897,CANDIDATE,1,,
36,2026-09-11T22:10:26+00:00,Pied Avocet,0.11613813042640686,62,0.020781464101473916,NON_WHITELISTED,0,,
37,2026-09-11T22:10:28+00:00,Patagonian Mockingbird,0.14230301976203918,62,0.026086374350291805,NON_WHITELISTED,0,,
38,2026-09-11T22:10:29+00:00,White-bellied Drongo,0.06127433478832245,62,0.03137317091894766,NON_WHITELISTED,0,,
39,2026-09-11T22:10:31+00:00,Red-vented Bulbul,0.1100715845823288,62,0.02588631237137268,CANDIDATE,1,,
40,2026-09-11T22:10:45+00:00,Rock Dove,0.024432595819234848,62,0.014470557456829843,LOW_CONFIDENCE,0,,
41,2026-09-11T22:10:47+00:00,Rock Dove,0.18309901654720306,62,0.01785614714206475,NON_WHITELISTED,0,,
42,2026-09-11T22:10:49+00:00,Rock Dove,0.054843973368406296,62,0.014135574453279074,NON_WHITELISTED,0,,
43,2026-09-11T22:10:50+00:00,Rock Dove,0.04039587080478668,62,0.012151204461063152,LOW_CONFIDENCE,0,,
44,2026-09-11T22:10:52+00:00,Rock Dove,0.05630902200937271,62,0.015145558217531633,NON_WHITELISTED,0,,
45,2026-09-11T22:10:53+00:00,Rufous Turtle Dove,0.1501769870519638,62,0.016428206600632676,NON_WHITELISTED,0,,
46,2026-09-11T22:10:54+00:00,Rock Dove,0.3338029980659485,62,0.018993031084669897,NON_WHITELISTED,0,,
47,2026-09-11T22:10:56+00:00,Thorn-tailed Rayadito,0.01992034912109375,62,0.01928189270221519,LOW_CONFIDENCE,0,,
48,2026-09-11T22:10:58+00:00,Gentoo Penguin,0.02401193231344223,62,0.01146050244136139,LOW_CONFIDENCE,0,,
49,2026-09-11T22:11:01+00:00,Chucao Tapaculo,0.014115305617451668,62,0.010292651650949492,LOW_CONFIDENCE,0,,
50,2026-09-11T22:11:02+00:00,Chucao Tapaculo,0.04701131954789162,62,0.010138007936964634,LOW_CONFIDENCE,0,,
51,2026-09-11T22:11:13+00:00,Patagonian Sierra Finch,0.013522177934646606,62,0.02005404218439616,LOW_CONFIDENCE,0,,
52,2026-09-11T22:11:14+00:00,Campo Flicker,0.016778597608208656,62,0.026769614948461005,LOW_CONFIDENCE,0,,
53,2026-09-11T22:11:15+00:00,Thorn-tailed Rayadito,0.031541500240564346,62,0.022227059729942177,LOW_CONFIDENCE,0,,
54,2026-09-11T22:11:17+00:00,Rock Dove,0.06278101354837418,62,0.02539933882323069,NON_WHITELISTED,0,,
55,2026-09-11T22:11:19+00:00,Human vocal,0.05787036195397377,62,0.026818626932544293,NON_WHITELISTED,0,,
56,2026-09-11T22:11:20+00:00,Rock Dove,0.15150170028209686,62,0.017987080417244505,NON_WHITELISTED,0,,
57,2026-09-11T22:11:22+00:00,Rock Dove,0.0484677255153656,62,0.03762257689805728,LOW_CONFIDENCE,0,,
58,2026-09-11T22:11:23+00:00,Human vocal,0.07284989953041077,62,0.038829374315864994,NON_WHITELISTED,0,,
59,2026-09-11T22:11:25+00:00,Human vocal,0.041323550045490265,62,0.020053969892099892,LOW_CONFIDENCE,0,,
60,2026-09-11T22:11:26+00:00,Chusquea Tapaculo,0.011251037009060383,62,0.01778518349207935,LOW_CONFIDENCE,0,,
61,2026-09-11T22:11:28+00:00,Chucao Tapaculo,0.025894200429320335,62,0.015656827190117167,LOW_CONFIDENCE,0,,
62,2026-09-11T22:11:29+00:00,Thorn-tailed Rayadito,0.039038944989442825,62,0.015361379568295997,LOW_CONFIDENCE,0,,
63,2026-09-11T22:11:31+00:00,Grey-hooded Sierra Finch,0.018720755353569984,62,0.01497410989991068,LOW_CONFIDENCE,0,,
64,2026-09-11T22:11:32+00:00,Red-eyed Dove,0.050129685550928116,62,0.01620415750115399,NON_WHITELISTED,0,,
65,2026-09-11T22:11:34+00:00,Rock Dove,0.06378782540559769,62,0.014465638316940248,NON_WHITELISTED,0,,
66,2026-09-11T22:11:35+00:00,Rock Dove,0.05595523491501808,62,0.01860369558384422,NON_WHITELISTED,0,,
67,2026-09-11T22:11:37+00:00,Rock Dove,0.13204874098300934,62,0.026258018027884467,NON_WHITELISTED,0,,
68,2026-09-11T22:11:38+00:00,Patagonian Sierra Finch,0.10812285542488098,62,0.025571196153895547,NON_WHITELISTED,0,,
69,2026-09-11T22:11:40+00:00,Rock Dove,0.10755306482315063,62,0.014847614631766143,NON_WHITELISTED,0,,
70,2026-09-11T22:12:13+00:00,Red-vented Bulbul,0.41304171085357666,62,0.011447184671922347,CANDIDATE,1,,
71,2026-09-11T22:12:14+00:00,Red-vented Bulbul,0.2837899625301361,62,0.01204765168466685,CANDIDATE,1,,
72,2026-09-11T22:12:14+00:00,Red-vented Bulbul,0.41304171085357666,62,0.01204765168466685,CONFIRMED,1,/app/python/spectrograms/72_Red-vented_Bulbul.png,"{""mfcc_mean"": [-532.527587890625, 157.01177978515625, -5.49335241317749, -19.32476043701172, 17.549625396728516, 7.290485858917236, -5.5744853019714355, -13.466236114501953, -9.259459495544434, 6.288815975189209, 0.08567800372838974, -4.17202615737915, -6.364521026611328], ""mfcc_std"": [29.73395347595215, 9.438910484313965, 32.887508392333984, 15.976210594177246, 17.708810806274414, 14.820691108703613, 9.82642936706543, 9.339764595031738, 9.896465301513672, 10.228812217712402, 10.64517879486084, 8.80113697052002, 9.698365211486816], ""spectral_centroid_mean"": 2591.65409210684, ""spectral_bandwidth_mean"": 3918.5448564572494, ""spectral_rolloff_mean"": 3236.785239361702, ""zero_crossing_rate_mean"": 0.0600914921320922, ""rms_mean"": 0.006379856262356043, ""spectral_flatness_mean"": 0.002197789726778865}"
73,2026-09-11T22:12:16+00:00,Common Iora,0.06642098724842072,62,0.019080380058984107,NON_WHITELISTED,0,,
74,2026-09-11T22:12:17+00:00,Common Iora,0.2333597093820572,62,0.02657649847201388,NON_WHITELISTED,0,,
75,2026-09-11T22:12:19+00:00,Smoky Bush-Tyrant,0.06676989048719406,62,0.028593599808663675,NON_WHITELISTED,0,,
76,2026-09-11T22:12:20+00:00,Red-vented Bulbul,0.46734628081321716,62,0.021377835895677915,CANDIDATE,1,,
77,2026-09-11T22:12:25+00:00,Red-vented Bulbul,0.08016005158424377,62,0.011501408270496439,CANDIDATE,1,,
78,2026-09-11T22:12:25+00:00,Red-vented Bulbul,0.46734628081321716,62,0.011501408270496439,CONFIRMED,1,/app/python/spectrograms/78_Red-vented_Bulbul.png,"{""mfcc_mean"": [-544.4644775390625, 163.2018585205078, 2.8217291831970215, -24.80042839050293, 11.595420837402344, 6.92693567276001, 0.9152476787567139, -10.050981521606445, -13.033170700073242, 1.7119204998016357, -3.307213068008423, -1.5375992059707642, -5.9817681312561035], ""mfcc_std"": [19.838979721069336, 8.431525230407715, 20.354307174682617, 16.1674861907959, 12.511995315551758, 14.725200653076172, 12.62524127960205, 8.624906539916992, 11.07785701751709, 8.56540298461914, 9.149964332580566, 10.184690475463867, 6.957009792327881], ""spectral_centroid_mean"": 2557.6059604205198, ""spectral_bandwidth_mean"": 4118.863724458213, ""spectral_rolloff_mean"": 3392.2872340425533, ""zero_crossing_rate_mean"": 0.051553496232269506, ""rms_mean"": 0.006048156414180994, ""spectral_flatness_mean"": 0.0025778154376894236}"
79,2026-09-11T22:12:26+00:00,Yellow-tailed Oriole,0.05482405796647072,62,0.014423292991825246,NON_WHITELISTED,0,,
80,2026-09-11T22:12:28+00:00,Pied Avocet,0.6645839214324951,62,0.015248672879528436,NON_WHITELISTED,0,,
81,2026-09-11T22:12:29+00:00,Pied Avocet,0.10947410762310028,62,0.014802215851338615,NON_WHITELISTED,0,,
82,2026-09-11T22:12:31+00:00,Red-vented Bulbul,0.49862608313560486,62,0.010491622780142127,CANDIDATE,1,,
83,2026-09-11T22:12:47+00:00,Red-whiskered Bulbul,0.8652051091194153,62,0.013438481566242028,CANDIDATE,1,,
84,2026-09-11T22:12:49+00:00,Red-whiskered Bulbul,0.9036527872085571,61,0.012692468170210336,CANDIDATE,1,,
85,2026-09-11T22:12:49+00:00,Red-whiskered Bulbul,0.9036527872085571,61,0.012692468170210336,CONFIRMED,1,/app/python/spectrograms/85_Red-whiskered_Bulbul.png,"{""mfcc_mean"": [-535.2470092773438, 161.4228973388672, -43.02082824707031, -18.157617568969727, 41.80229568481445, -1.959220290184021, -15.752004623413086, -7.589428424835205, -5.144247055053711, 6.826136589050293, -6.201469898223877, -0.31836414337158203, -6.803597927093506], ""mfcc_std"": [23.963077545166016, 20.574357986450195, 48.45907974243164, 21.005218505859375, 32.63176345825195, 20.267696380615234, 25.303335189819336, 20.82210922241211, 16.72100830078125, 17.78534698486328, 10.424589157104492, 12.46609878540039, 10.935423851013184], ""spectral_centroid_mean"": 2754.624654324693, ""spectral_bandwidth_mean"": 3166.822019752847, ""spectral_rolloff_mean"": 3532.9122340425533, ""zero_crossing_rate_mean"": 0.08213513962765957, ""rms_mean"": 0.008595110848546028, ""spectral_flatness_mean"": 0.0017399362986907363}"
86,2026-09-11T22:12:50+00:00,Red-whiskered Bulbul,0.9381169676780701,61,0.02919281611924937,CANDIDATE,1,,
87,2026-09-11T22:12:52+00:00,Red-whiskered Bulbul,0.9228560924530029,61,0.044696572053586674,CANDIDATE,1,,
88,2026-09-11T22:12:53+00:00,Red-whiskered Bulbul,0.8923494815826416,61,0.03477070248901251,CANDIDATE,1,,
89,2026-09-11T22:12:55+00:00,Red-whiskered Bulbul,0.8743630647659302,61,0.015503258541054965,CANDIDATE,1,,
90,2026-09-11T22:12:56+00:00,Red-whiskered Bulbul,0.9628876447677612,61,0.01739848406300064,CANDIDATE,1,,
91,2026-09-11T22:12:58+00:00,Red-whiskered Bulbul,0.4440320134162903,61,0.012656946267837288,CANDIDATE,1,,
92,2026-09-11T22:12:59+00:00,Little Greenbul,0.7218629717826843,61,0.01358104073966309,NON_WHITELISTED,0,,
93,2026-09-11T22:13:01+00:00,Yellow-vented Bulbul,0.3231862187385559,61,0.012409142379882148,NON_WHITELISTED,0,,
94,2026-09-11T22:13:04+00:00,Red-whiskered Bulbul,0.9937528967857361,61,0.02394569566426037,CANDIDATE,1,,
95,2026-09-11T22:13:04+00:00,Red-whiskered Bulbul,0.9937528967857361,61,0.02394569566426037,CONFIRMED,1,/app/python/spectrograms/95_Red-whiskered_Bulbul.png,"{""mfcc_mean"": [-511.2346496582031, 136.7685089111328, -22.943845748901367, -10.06918716430664, 33.540164947509766, 13.636873245239258, -15.008891105651855, -9.587913513183594, 0.739071249961853, 1.8310647010803223, -0.6703281402587891, -2.5136468410491943, -2.1187965869903564], ""mfcc_std"": [43.40907287597656, 20.333654403686523, 49.357242584228516, 24.110383987426758, 29.303464889526367, 22.68062973022461, 21.963590621948242, 19.824138641357422, 16.671232223510742, 16.954957962036133, 9.921929359436035, 12.030320167541504, 10.391521453857422], ""spectral_centroid_mean"": 2804.170021159379, ""spectral_bandwidth_mean"": 3468.805791097344, ""spectral_rolloff_mean"": 3811.003989361702, ""zero_crossing_rate_mean"": 0.07700126052748227, ""rms_mean"": 0.012732528150081635, ""spectral_flatness_mean"": 0.0022090193815529346}"
96,2026-09-11T22:13:05+00:00,Red-whiskered Bulbul,0.9603384137153625,61,0.029593648567545743,CANDIDATE,1,,
97,2026-09-11T22:13:07+00:00,Red-whiskered Bulbul,0.9619689583778381,61,0.024464995399586378,CANDIDATE,1,,
98,2026-09-11T22:13:08+00:00,Red-whiskered Bulbul,0.9586262702941895,61,0.025763462914836274,CANDIDATE,1,,
99,2026-09-11T22:13:10+00:00,Red-whiskered Bulbul,0.9644898176193237,61,0.03561148684326487,CANDIDATE,1,,
100,2026-09-11T22:13:11+00:00,Red-whiskered Bulbul,0.9417325854301453,61,0.045011830510613415,CANDIDATE,1,,
101,2026-09-11T22:13:13+00:00,Red-whiskered Bulbul,0.3388688862323761,61,0.04279226272561686,CANDIDATE,1,,
102,2026-09-11T22:13:14+00:00,Red-whiskered Bulbul,0.7711300849914551,61,0.03595363975049532,CANDIDATE,1,,
103,2026-09-11T22:13:16+00:00,Little Greenbul,0.4582163393497467,61,0.03397092139699931,NON_WHITELISTED,0,,
104,2026-09-11T22:13:16+00:00,Red-whiskered Bulbul,0.7711300849914551,61,0.03397092139699931,CONFIRMED,1,/app/python/spectrograms/104_Red-whiskered_Bulbul.png,"{""mfcc_mean"": [-456.66455078125, 154.5872344970703, -55.31340789794922, -47.18517303466797, 24.64160919189453, 34.50228500366211, 5.357675075531006, -22.530710220336914, -4.757232666015625, 12.771341323852539, -10.943198204040527, -11.053874969482422, 12.273956298828125], ""mfcc_std"": [43.02063751220703, 12.65485954284668, 46.63310623168945, 19.392282485961914, 17.745929718017578, 19.757787704467773, 13.46106243133545, 13.771552085876465, 8.801490783691406, 11.634411811828613, 12.132413864135742, 11.943239212036133, 11.391132354736328], ""spectral_centroid_mean"": 2349.1172144488187, ""spectral_bandwidth_mean"": 2475.9857631863797, ""spectral_rolloff_mean"": 2898.853058510638, ""zero_crossing_rate_mean"": 0.07408196199024823, ""rms_mean"": 0.024554647505283356, ""spectral_flatness_mean"": 0.0012713467003777623}"
105,2026-09-11T22:13:17+00:00,Red-headed Woodpecker,0.5295810103416443,61,0.025928862563861656,NON_WHITELISTED,0,,
106,2026-09-11T22:13:19+00:00,Red-whiskered Bulbul,0.9854588508605957,61,0.026124589938686958,CANDIDATE,1,,
107,2026-09-11T22:13:20+00:00,Red-whiskered Bulbul,0.8269662857055664,61,0.05414240869112766,CANDIDATE,1,,
108,2026-09-11T22:13:22+00:00,Red-whiskered Bulbul,0.5998599529266357,61,0.06617260344543009,CANDIDATE,1,,
109,2026-09-11T22:13:23+00:00,Red-whiskered Bulbul,0.49390384554862976,61,0.04953433635217445,CANDIDATE,1,,
110,2026-09-11T22:13:25+00:00,Red-whiskered Bulbul,0.8507717847824097,61,0.02776075242344406,CANDIDATE,1,,
111,2026-09-11T22:13:26+00:00,Red-whiskered Bulbul,0.8589009046554565,61,0.028710951242592927,CANDIDATE,1,,
112,2026-09-11T22:13:28+00:00,Red-whiskered Bulbul,0.849269688129425,61,0.035722208956247455,CANDIDATE,1,,
113,2026-09-11T22:13:28+00:00,Red-whiskered Bulbul,0.8589009046554565,61,0.035722208956247455,CONFIRMED,1,/app/python/spectrograms/113_Red-whiskered_Bulbul.png,"{""mfcc_mean"": [-408.99481201171875, 187.09616088867188, -56.87965393066406, -28.65982437133789, 49.46742630004883, 26.291046142578125, -24.55519676208496, -26.615327835083008, 2.3640613555908203, 0.5006842613220215, -28.03467559814453, -14.385558128356934, 15.451486587524414], ""mfcc_std"": [36.056785583496094, 39.50154113769531, 34.84355926513672, 28.05974769592285, 17.06090545654297, 21.624645233154297, 18.210092544555664, 20.332138061523438, 11.398523330688477, 16.566858291625977, 12.024981498718262, 10.02042007446289, 15.823969841003418], ""spectral_centroid_mean"": 2080.87935716902, ""spectral_bandwidth_mean"": 1725.857919385215, ""spectral_rolloff_mean"": 2847.240691489362, ""zero_crossing_rate_mean"": 0.07645757147606383, ""rms_mean"": 0.03251952305436134, ""spectral_flatness_mean"": 0.00012664060341194272}"
114,2026-09-11T22:13:29+00:00,Red-whiskered Bulbul,0.42138636112213135,61,0.029006537195263343,CANDIDATE,1,,
115,2026-09-11T22:13:31+00:00,Little Greenbul,0.3949381709098816,61,0.022900222152008213,NON_WHITELISTED,0,,
116,2026-09-11T22:13:32+00:00,Red-whiskered Bulbul,0.7823484539985657,61,0.024094265274859968,CANDIDATE,1,,
117,2026-09-11T22:13:33+00:00,Red-headed Woodpecker,0.8535867929458618,61,0.013848729208337348,NON_WHITELISTED,0,,
118,2026-09-11T22:13:35+00:00,Red-whiskered Bulbul,0.996006429195404,61,0.01225502764667402,CANDIDATE,1,,
119,2026-09-11T22:13:36+00:00,Red-whiskered Bulbul,0.9510943293571472,61,0.011512012891704785,CANDIDATE,1,,
120,2026-09-11T22:13:40+00:00,Red-whiskered Bulbul,0.9622686505317688,61,0.011588806381203142,CANDIDATE,1,,
121,2026-09-11T22:13:41+00:00,Red-whiskered Bulbul,0.7957859635353088,61,0.011081033747660908,CANDIDATE,1,,
122,2026-09-11T22:13:41+00:00,Red-whiskered Bulbul,0.9622686505317688,61,0.011081033747660908,CONFIRMED,1,/app/python/spectrograms/122_Red-whiskered_Bulbul.png,"{""mfcc_mean"": [-535.9761352539062, 159.8310546875, -31.726438522338867, -14.3889799118042, 41.2303581237793, 7.7674665451049805, -10.424261093139648, -7.227941513061523, -0.7180121541023254, 11.856047630310059, -7.466329574584961, -0.44801709055900574, -2.2434144020080566], ""mfcc_std"": [35.707401275634766, 20.16762924194336, 47.45854949951172, 20.915111541748047, 22.95819854736328, 17.217615127563477, 24.04763412475586, 19.16695213317871, 13.437918663024902, 16.305646896362305, 12.617842674255371, 14.540014266967773, 11.246763229370117], ""spectral_centroid_mean"": 2651.2789343865875, ""spectral_bandwidth_mean"": 3321.3381504952467, ""spectral_rolloff_mean"": 3430.186170212766, ""zero_crossing_rate_mean"": 0.07437977892287234, ""rms_mean"": 0.007832087576389313, ""spectral_flatness_mean"": 0.0014101010747253895}"
123,2026-09-11T22:13:43+00:00,Red-whiskered Bulbul,0.4751870930194855,61,0.016662633660570657,CANDIDATE,1,,
124,2026-09-11T22:13:44+00:00,Crested Barbet,0.08307718485593796,61,0.021376665317990057,NON_WHITELISTED,0,,
125,2026-09-11T22:13:46+00:00,Red-whiskered Bulbul,0.07588093727827072,61,0.015273048937320378,CANDIDATE,1,,
126,2026-09-11T22:13:59+00:00,Red-whiskered Bulbul,0.7293682098388672,61,0.010179421414270015,CANDIDATE,1,,
127,2026-09-11T22:13:59+00:00,Red-whiskered Bulbul,0.7293682098388672,61,0.010179421414270015,CONFIRMED,1,/app/python/spectrograms/127_Red-whiskered_Bulbul.png,"{""mfcc_mean"": [-524.3540649414062, 157.60459899902344, -47.37955093383789, -29.409027099609375, 44.6208381652832, 17.849655151367188, -23.96871566772461, -13.19155216217041, 11.730834007263184, 10.231063842773438, -15.50619888305664, -12.350837707519531, 11.05399227142334], ""mfcc_std"": [31.05181312561035, 22.204626083374023, 27.016069412231445, 19.266630172729492, 17.93465232849121, 19.613096237182617, 21.65949058532715, 17.9986629486084, 14.193541526794434, 13.104508399963379, 10.156037330627441, 12.744404792785645, 12.376175880432129], ""spectral_centroid_mean"": 2500.5212443960254, ""spectral_bandwidth_mean"": 2415.5224824626375, ""spectral_rolloff_mean"": 3010.8045212765956, ""zero_crossing_rate_mean"": 0.09245311114804965, ""rms_mean"": 0.007920750416815281, ""spectral_flatness_mean"": 0.0005307256942614913}"
128,2026-09-11T22:14:05+00:00,Red-headed Woodpecker,0.08031386882066727,61,0.01630894146616159,NON_WHITELISTED,0,,
129,2026-09-11T22:14:07+00:00,Red-whiskered Bulbul,0.3253067135810852,61,0.024050102877273178,CANDIDATE,1,,
130,2026-09-11T22:14:08+00:00,Red-whiskered Bulbul,0.3012518286705017,61,0.028841593125865986,CANDIDATE,1,,
131,2026-09-11T22:14:10+00:00,Red-whiskered Bulbul,0.32357990741729736,61,0.02502859400485132,CANDIDATE,1,,
132,2026-09-11T22:14:11+00:00,Red-whiskered Bulbul,0.403425931930542,61,0.014244553754642357,CANDIDATE,1,,
133,2026-09-11T22:14:11+00:00,Red-whiskered Bulbul,0.403425931930542,61,0.014244553754642357,CONFIRMED,1,/app/python/spectrograms/133_Red-whiskered_Bulbul.png,"{""mfcc_mean"": [-516.8594970703125, 178.03732299804688, -7.622735977172852, -9.170960426330566, 35.706302642822266, 2.83166241645813, -21.172040939331055, -13.27676773071289, -5.736198902130127, -3.7281298637390137, -11.217726707458496, -8.203696250915527, -5.932302951812744], ""mfcc_std"": [35.691898345947266, 42.76629638671875, 37.291507720947266, 21.290842056274414, 27.062572479248047, 22.753862380981445, 26.625640869140625, 24.851360321044922, 18.0927734375, 19.32096290588379, 16.421890258789062, 14.332454681396484, 13.813796997070312], ""spectral_centroid_mean"": 2001.615879931395, ""spectral_bandwidth_mean"": 2545.178770929956, ""spectral_rolloff_mean"": 2834.6077127659573, ""zero_crossing_rate_mean"": 0.05998760250443262, ""rms_mean"": 0.011178691871464252, ""spectral_flatness_mean"": 0.0008228863007389009}"
134,2026-09-11T22:14:13+00:00,Red-whiskered Bulbul,0.12042023986577988,61,0.013912135178491101,CANDIDATE,1,,
135,2026-09-11T22:14:14+00:00,Loggerhead Kingbird,0.035811807960271835,61,0.017718453214031787,LOW_CONFIDENCE,0,,
136,2026-09-11T22:14:16+00:00,Crested Finchbill,0.03935733437538147,61,0.023488606109943518,LOW_CONFIDENCE,0,,
137,2026-09-11T22:14:17+00:00,Crested Finchbill,0.11044511198997498,61,0.02418013118806901,NON_WHITELISTED,0,,
138,2026-09-11T22:14:19+00:00,Ringed Kingfisher,0.029695356264710426,61,0.02368283672921324,LOW_CONFIDENCE,0,,
139,2026-09-11T22:14:20+00:00,Red-headed Woodpecker,0.023601200431585312,61,0.030757352170786737,LOW_CONFIDENCE,0,,
140,2026-09-11T22:14:22+00:00,Green-backed Tailorbird,0.046875,61,0.02723769230088112,LOW_CONFIDENCE,0,,
141,2026-09-11T22:14:23+00:00,Red-whiskered Bulbul,0.38136136531829834,61,0.020341944441549163,CANDIDATE,1,,
142,2026-09-11T22:14:25+00:00,Red-whiskered Bulbul,0.327463835477829,61,0.024688599302606987,CANDIDATE,1,,
143,2026-09-11T22:14:25+00:00,Red-whiskered Bulbul,0.38136136531829834,61,0.024688599302606987,CONFIRMED,1,/app/python/spectrograms/143_Red-whiskered_Bulbul.png,"{""mfcc_mean"": [-491.4112243652344, 165.78057861328125, 8.714709281921387, 4.714169979095459, 36.68394088745117, 10.837599754333496, -15.430755615234375, -12.083749771118164, -3.9600422382354736, -4.835489749908447, -9.065799713134766, -8.01195240020752, -4.874130725860596], ""mfcc_std"": [35.685081481933594, 48.39494705200195, 42.48078918457031, 25.69892692565918, 29.279483795166016, 21.581043243408203, 28.519882202148438, 23.812877655029297, 22.681713104248047, 16.147729873657227, 13.786420822143555, 14.718287467956543, 12.966175079345703], ""spectral_centroid_mean"": 1809.2141777064144, ""spectral_bandwidth_mean"": 2159.709511447052, ""spectral_rolloff_mean"": 2480.967420212766, ""zero_crossing_rate_mean"": 0.06279781693262411, ""rms_mean"": 0.01862012967467308, ""spectral_flatness_mean"": 0.00028546724934130907}"
144,2026-09-11T22:14:26+00:00,Red-whiskered Bulbul,0.30654752254486084,61,0.023829364486322068,CANDIDATE,1,,
145,2026-09-11T22:14:28+00:00,Red-whiskered Bulbul,0.16950726509094238,61,0.02398200777124187,CANDIDATE,1,,
146,2026-09-11T22:14:29+00:00,Red-whiskered Bulbul,0.2899099588394165,61,0.021865681765403235,CANDIDATE,1,,
147,2026-09-11T22:14:31+00:00,Green-backed Tailorbird,0.11890533566474915,61,0.021008349188861936,NON_WHITELISTED,0,,
148,2026-09-11T22:14:32+00:00,Rufous Hornero,0.07825690507888794,61,0.019810007990458886,NON_WHITELISTED,0,,
149,2026-09-11T22:14:34+00:00,Red-whiskered Bulbul,0.07874427735805511,61,0.01618913185162417,CANDIDATE,1,,
150,2026-09-11T22:14:35+00:00,Little Greenbul,0.1083928644657135,61,0.0173070667846769,NON_WHITELISTED,0,,
151,2026-09-11T22:14:36+00:00,Rüppell's Robin-Chat,0.154307559132576,61,0.015780198400616025,NON_WHITELISTED,0,,
152,2026-09-11T22:14:38+00:00,Flame-throated Bulbul,0.06460858881473541,61,0.012560121164005187,NON_WHITELISTED,0,,
153,2026-09-11T22:14:40+00:00,Red-whiskered Bulbul,0.2922624349594116,61,0.011511177527017169,CANDIDATE,1,,
154,2026-09-11T22:14:41+00:00,Red-whiskered Bulbul,0.6106587648391724,61,0.015104818449950505,CANDIDATE,1,,
155,2026-09-11T22:14:41+00:00,Red-whiskered Bulbul,0.6106587648391724,61,0.015104818449950505,CONFIRMED,1,/app/python/spectrograms/155_Red-whiskered_Bulbul.png,"{""mfcc_mean"": [-515.6444702148438, 165.77110290527344, -10.911062240600586, -2.8877341747283936, 29.98045539855957, 4.545680046081543, -10.512873649597168, -11.145771026611328, -7.614734172821045, 0.912094235420227, -5.137434482574463, -6.375595569610596, -6.050047874450684], ""mfcc_std"": [36.85698699951172, 39.04780197143555, 45.29012680053711, 22.067882537841797, 28.455245971679688, 20.47577667236328, 17.338499069213867, 15.647430419921875, 14.035660743713379, 16.42546844482422, 12.44859504699707, 10.047768592834473, 9.873040199279785], ""spectral_centroid_mean"": 2231.0557033357077, ""spectral_bandwidth_mean"": 2980.4582747298127, ""spectral_rolloff_mean"": 2944.148936170213, ""zero_crossing_rate_mean"": 0.06198228335549645, ""rms_mean"": 0.010555611923336983, ""spectral_flatness_mean"": 0.001323336036875844}"
156,2026-09-11T22:14:43+00:00,Red-whiskered Bulbul,0.54085373878479,61,0.016660541946496125,CANDIDATE,1,,
157,2026-09-11T22:14:44+00:00,Red-whiskered Bulbul,0.5189785361289978,61,0.023177984067092674,CANDIDATE,1,,
158,2026-09-11T22:14:45+00:00,Red-whiskered Bulbul,0.11511596292257309,61,0.0207817820310892,CANDIDATE,1,,
159,2026-09-11T22:14:49+00:00,Rufous Hornero,0.05511641874909401,61,0.02409575370493154,NON_WHITELISTED,0,,
160,2026-09-11T22:14:50+00:00,Spotted Owlet,0.02718936651945114,61,0.023713079128426566,LOW_CONFIDENCE,0,,
161,2026-09-11T22:14:52+00:00,Red-headed Woodpecker,0.0249917171895504,61,0.034857262752157926,LOW_CONFIDENCE,0,,
162,2026-09-11T22:14:53+00:00,Chalk-browed Mockingbird,0.05244104564189911,61,0.06069918307102454,NON_WHITELISTED,0,,
163,2026-09-11T22:14:55+00:00,Sombre Greenbul,0.014761560596525669,61,0.06440933532721922,LOW_CONFIDENCE,0,,
164,2026-09-11T22:14:56+00:00,Sombre Greenbul,0.04647769033908844,61,0.07483156014713127,LOW_CONFIDENCE,0,,
165,2026-09-11T22:14:58+00:00,Red-whiskered Bulbul,0.29974275827407837,61,0.06745746543961932,CANDIDATE,1,,
166,2026-09-11T22:14:59+00:00,Red-whiskered Bulbul,0.43531352281570435,61,0.032416958125479525,CANDIDATE,1,,
167,2026-09-11T22:14:59+00:00,Red-whiskered Bulbul,0.43531352281570435,61,0.032416958125479525,CONFIRMED,1,/app/python/spectrograms/167_Red-whiskered_Bulbul.png,"{""mfcc_mean"": [-479.18084716796875, 141.4700164794922, 11.918068885803223, -5.256313323974609, 26.247045516967773, 13.07815170288086, -14.070257186889648, -12.410313606262207, -1.3697469234466553, -1.818746566772461, -6.604006290435791, -6.626680374145508, -4.227723598480225], ""mfcc_std"": [48.332088470458984, 47.48981857299805, 32.99319839477539, 23.753339767456055, 26.733972549438477, 22.428314208984375, 19.859079360961914, 19.016992568969727, 14.65246295928955, 15.729217529296875, 15.301411628723145, 10.292083740234375, 12.060226440429688], ""spectral_centroid_mean"": 2036.511717023418, ""spectral_bandwidth_mean"": 2860.287806832328, ""spectral_rolloff_mean"": 2834.192154255319, ""zero_crossing_rate_mean"": 0.05277939383865248, ""rms_mean"": 0.01762186363339424, ""spectral_flatness_mean"": 0.0010744626633822918}"
168,2026-09-11T22:15:01+00:00,Red-whiskered Bulbul,0.1390291303396225,61,0.026107604294943992,CANDIDATE,1,,
169,2026-09-11T22:15:02+00:00,Jungle Prinia,0.039335984736680984,61,0.01779215197942231,LOW_CONFIDENCE,0,,
170,2026-09-11T22:15:04+00:00,Rufous Hornero,0.02682594768702984,61,0.01038417364743869,LOW_CONFIDENCE,0,,
171,2026-09-11T22:15:05+00:00,Buff-collared Nightjar,0.5038408637046814,61,0.016243960780512982,NON_WHITELISTED,0,,
172,2026-09-11T22:15:06+00:00,European Bee-eater,0.06816792488098145,61,0.016199274449128515,NON_WHITELISTED,0,,
173,2026-09-11T22:15:49+00:00,Red-whiskered Bulbul,0.13414160907268524,60,0.018301775955345614,CANDIDATE,1,,
174,2026-09-11T22:15:50+00:00,Human non-vocal,0.15520469844341278,60,0.034395891124757896,NON_WHITELISTED,0,,
175,2026-09-11T22:15:52+00:00,Dog,0.09803120046854019,60,0.044590410033044245,NON_WHITELISTED,0,,
176,2026-09-11T22:15:53+00:00,Chucao Tapaculo,0.029283400624990463,60,0.03648060784123185,LOW_CONFIDENCE,0,,
177,2026-09-11T22:15:55+00:00,Engine,0.055632829666137695,60,0.07799985835924703,NON_WHITELISTED,0,,
178,2026-09-11T22:15:56+00:00,Gray Wolf,0.04565482959151268,60,0.0968970164866702,LOW_CONFIDENCE,0,,
179,2026-09-11T22:15:58+00:00,Engine,0.06492093205451965,60,0.07219550496965693,NON_WHITELISTED,0,,
180,2026-09-11T22:15:59+00:00,Red-winged Starling,0.03426572307944298,60,0.041875144327397196,LOW_CONFIDENCE,0,,
181,2026-09-11T22:16:32+00:00,Common Myna,0.6300522089004517,60,0.010701828911604051,CANDIDATE,1,,
182,2026-09-11T22:16:38+00:00,Common Myna,0.8176560401916504,60,0.011814426873103474,CANDIDATE,1,,
183,2026-09-11T22:16:38+00:00,Common Myna,0.8176560401916504,60,0.011814426873103474,CONFIRMED,1,/app/python/spectrograms/183_Common_Myna.png,"{""mfcc_mean"": [-549.4342651367188, 151.7532501220703, -50.397945404052734, -5.426700115203857, 43.350833892822266, -4.427633285522461, -17.68341827392578, -13.537501335144043, 0.7415454387664795, 12.087464332580566, -13.826698303222656, -4.227275371551514, -0.4934970438480377], ""mfcc_std"": [16.982877731323242, 19.82662582397461, 46.030147552490234, 19.602222442626953, 25.405567169189453, 15.340444564819336, 16.5012149810791, 17.8059024810791, 14.477666854858398, 16.541776657104492, 11.290740013122559, 15.285085678100586, 12.274007797241211], ""spectral_centroid_mean"": 2847.4672434913878, ""spectral_bandwidth_mean"": 2926.3980444500694, ""spectral_rolloff_mean"": 3415.226063829787, ""zero_crossing_rate_mean"": 0.0917570506427305, ""rms_mean"": 0.008589609526097775, ""spectral_flatness_mean"": 0.001338645932264626}"
184,2026-09-11T22:16:43+00:00,Common Myna,0.8347666263580322,60,0.010866588478431916,CANDIDATE,1,,
185,2026-09-11T22:16:49+00:00,Common Myna,0.8473575115203857,60,0.010084353370878976,CANDIDATE,1,,
186,2026-09-11T22:16:49+00:00,Common Myna,0.8473575115203857,60,0.010084353370878976,CONFIRMED,1,/app/python/spectrograms/186_Common_Myna.png,"{""mfcc_mean"": [-555.7777099609375, 140.62989807128906, -40.23883056640625, 3.734894037246704, 42.33407974243164, -3.1716647148132324, -19.391088485717773, -14.135839462280273, -0.11802056431770325, 8.878358840942383, -14.694374084472656, -1.7629122734069824, -3.429410457611084], ""mfcc_std"": [25.239789962768555, 21.84395408630371, 48.620216369628906, 21.83226776123047, 24.45115852355957, 16.433094024658203, 16.503732681274414, 17.96580696105957, 13.640970230102539, 16.080774307250977, 12.305563926696777, 14.960655212402344, 12.311150550842285], ""spectral_centroid_mean"": 3039.67127214753, ""spectral_bandwidth_mean"": 3273.1477094792963, ""spectral_rolloff_mean"": 3990.026595744681, ""zero_crossing_rate_mean"": 0.08985760195035461, ""rms_mean"": 0.007409393321722746, ""spectral_flatness_mean"": 0.0017402857774868608}"
187,2026-09-11T22:17:13+00:00,Common Myna,0.08537358045578003,60,0.014548224834671787,CANDIDATE,1,,
188,2026-09-11T22:17:14+00:00,Common Myna,0.47409507632255554,60,0.016083473597810063,CANDIDATE,1,,
189,2026-09-11T22:17:14+00:00,Common Myna,0.47409507632255554,60,0.016083473597810063,CONFIRMED,1,/app/python/spectrograms/189_Common_Myna.png,"{""mfcc_mean"": [-535.346435546875, 136.76235961914062, -28.54854965209961, -0.7960507869720459, 39.000247955322266, 3.729910373687744, -22.415908813476562, -15.218476295471191, 1.6167975664138794, 8.305208206176758, -4.905947685241699, -4.639631271362305, -3.6025636196136475], ""mfcc_std"": [30.089841842651367, 20.933109283447266, 46.286842346191406, 20.724517822265625, 25.36411476135254, 17.59219741821289, 14.893168449401855, 18.127656936645508, 12.868631362915039, 16.56368064880371, 13.474594116210938, 13.850085258483887, 12.134623527526855], ""spectral_centroid_mean"": 2895.557208059663, ""spectral_bandwidth_mean"": 3278.986665531669, ""spectral_rolloff_mean"": 3715.6748670212764, ""zero_crossing_rate_mean"": 0.08458693484042554, ""rms_mean"": 0.010397017933428288, ""spectral_flatness_mean"": 0.001628524623811245}"
190,2026-09-11T22:17:20+00:00,Common Myna,0.8877493143081665,60,0.015058023681161182,CANDIDATE,1,,
191,2026-09-11T22:17:22+00:00,Common Myna,0.7868185639381409,60,0.012187909767924004,CANDIDATE,1,,
192,2026-09-11T22:17:23+00:00,Cuban Blackbird,0.15653951466083527,60,0.01764998143817486,NON_WHITELISTED,0,,
193,2026-09-11T22:17:25+00:00,Common Myna,0.5914055109024048,60,0.025550982576697846,CANDIDATE,1,,
194,2026-09-11T22:17:25+00:00,Common Myna,0.5914055109024048,60,0.025550982576697846,CONFIRMED,1,/app/python/spectrograms/194_Common_Myna.png,"{""mfcc_mean"": [-525.3270263671875, 130.04039001464844, -41.94580841064453, -6.848285675048828, 43.076454162597656, 9.343814849853516, -25.08514976501465, -19.208126068115234, 6.039854526519775, 8.363475799560547, -8.541306495666504, -5.4131364822387695, -1.1707284450531006], ""mfcc_std"": [33.16486740112305, 23.405353546142578, 54.543426513671875, 18.193078994750977, 29.272945404052734, 17.22977066040039, 16.294116973876953, 17.445730209350586, 13.96059799194336, 14.372614860534668, 12.243607521057129, 13.544365882873535, 11.569478988647461], ""spectral_centroid_mean"": 2864.6568730379154, ""spectral_bandwidth_mean"": 2935.886660194911, ""spectral_rolloff_mean"": 3510.3889627659573, ""zero_crossing_rate_mean"": 0.0892965979609929, ""rms_mean"": 0.017391420900821686, ""spectral_flatness_mean"": 0.0014656312996521592}"
195,2026-09-11T22:17:26+00:00,Common Myna,0.9277577996253967,60,0.020394469347292683,CANDIDATE,1,,
196,2026-09-11T22:17:28+00:00,Common Myna,0.16016386449337006,60,0.011018859569576494,CANDIDATE,1,,
197,2026-09-11T22:17:29+00:00,Common Myna,0.8350383043289185,60,0.01902540350492246,CANDIDATE,1,,
198,2026-09-11T22:17:31+00:00,Common Myna,0.9309519529342651,60,0.02181989690656792,CANDIDATE,1,,
199,2026-09-11T22:17:32+00:00,Tropical Mockingbird,0.8459606170654297,60,0.0130813724530704,NON_WHITELISTED,0,,
200,2026-09-11T22:17:34+00:00,Cuban Blackbird,0.4103216528892517,60,0.01601566384888695,NON_WHITELISTED,0,,
201,2026-09-11T22:17:35+00:00,Common Myna,0.9283027648925781,60,0.021863849207036476,CANDIDATE,1,,
202,2026-09-11T22:17:36+00:00,Common Myna,0.894072949886322,60,0.01565012111560938,CANDIDATE,1,,
203,2026-09-11T22:17:37+00:00,Common Myna,0.9283027648925781,60,0.01565012111560938,CONFIRMED,1,/app/python/spectrograms/203_Common_Myna.png,"{""mfcc_mean"": [-532.1304931640625, 142.73997497558594, -19.455591201782227, 0.9877903461456299, 32.3419075012207, -1.0536490678787231, -19.334949493408203, -15.934514999389648, 0.11412232369184494, 8.89894962310791, -8.433822631835938, -2.7367424964904785, -2.1099019050598145], ""mfcc_std"": [43.79377746582031, 13.371098518371582, 53.377593994140625, 14.438271522521973, 26.861709594726562, 12.620862007141113, 17.632986068725586, 13.089759826660156, 12.886795997619629, 11.955296516418457, 11.382538795471191, 12.148053169250488, 10.546628952026367], ""spectral_centroid_mean"": 2928.7974733903384, ""spectral_bandwidth_mean"": 3733.2595145523956, ""spectral_rolloff_mean"": 4200.63164893617, ""zero_crossing_rate_mean"": 0.07540136026152482, ""rms_mean"": 0.009279243648052216, ""spectral_flatness_mean"": 0.002035596640780568}"
204,2026-09-11T22:17:40+00:00,Common Myna,0.7361987233161926,60,0.018971597554193777,CANDIDATE,1,,
205,2026-09-11T22:17:41+00:00,Common Myna,0.8953647613525391,60,0.02132811747502432,CANDIDATE,1,,
206,2026-09-11T22:17:43+00:00,Tropical Mockingbird,0.8569597005844116,60,0.013317666866290108,NON_WHITELISTED,0,,
207,2026-09-11T22:17:44+00:00,Cuban Blackbird,0.5678167343139648,60,0.012701270239181769,NON_WHITELISTED,0,,
208,2026-09-11T22:17:46+00:00,Cuban Blackbird,0.843209981918335,60,0.011431816509904649,NON_WHITELISTED,0,,
209,2026-09-11T22:19:38+00:00,Red-legged Tinamou,0.04006941616535187,59,0.02463082124932639,LOW_CONFIDENCE,0,,
210,2026-09-11T22:19:40+00:00,Human whistle,0.03946123272180557,59,0.027949372176646087,LOW_CONFIDENCE,0,,
211,2026-09-11T22:19:41+00:00,Mountain Scops Owl,0.0624656118452549,59,0.017671891457994908,NON_WHITELISTED,0,,
212,2026-09-11T22:19:43+00:00,Human vocal,0.059652525931596756,59,0.014738333636312067,NON_WHITELISTED,0,,
213,2026-09-11T22:19:44+00:00,Rock Dove,0.03776128590106964,59,0.011105578436469718,LOW_CONFIDENCE,0,,
214,2026-09-11T22:19:59+00:00,Senegal Coucal,0.02773290127515793,58,0.012387319095587714,LOW_CONFIDENCE,0,,
215,2026-09-11T22:20:01+00:00,Tropical Boubou,0.10295246541500092,58,0.012360707181877782,NON_WHITELISTED,0,,
216,2026-09-11T22:21:29+00:00,White-fronted Parrot,0.09643904864788055,58,0.025057457238017278,NON_WHITELISTED,0,,
217,2026-09-11T22:21:31+00:00,South Polar Skua,0.29006919264793396,58,0.028888334588849023,NON_WHITELISTED,0,,
218,2026-09-11T22:21:32+00:00,Tasmanian Nativehen,0.10706398636102676,58,0.016661816184450392,NON_WHITELISTED,0,,
219,2026-09-11T22:21:35+00:00,Great Horned Owl,0.39733657240867615,58,0.06327656671595835,NON_WHITELISTED,0,,
220,2026-09-11T22:21:37+00:00,Great Horned Owl,0.2681940197944641,58,0.10041484005581536,NON_WHITELISTED,0,,
221,2026-09-11T22:21:38+00:00,Great Horned Owl,0.5753893256187439,58,0.14741870512647054,NON_WHITELISTED,0,,
222,2026-09-11T22:21:40+00:00,Great Horned Owl,0.41525039076805115,58,0.14426267464810966,NON_WHITELISTED,0,,
223,2026-09-11T22:21:41+00:00,Greater Prairie-Chicken,0.428180992603302,58,0.08859564552251123,NON_WHITELISTED,0,,
224,2026-09-11T22:21:43+00:00,Greater Prairie-Chicken,0.08788273483514786,58,0.09322865617037783,NON_WHITELISTED,0,,
225,2026-09-11T22:21:44+00:00,Rock Dove,0.05259815976023674,58,0.0860736815630128,NON_WHITELISTED,0,,
226,2026-09-11T22:21:46+00:00,Human non-vocal,0.12127168476581573,58,0.13586025897746692,NON_WHITELISTED,0,,
227,2026-09-11T22:21:47+00:00,Great Bittern,0.15863479673862457,58,0.1306067432042259,NON_WHITELISTED,0,,
228,2026-09-11T22:21:50+00:00,Dog,0.03116339072585106,58,0.18646356807204698,LOW_CONFIDENCE,0,,
229,2026-09-11T22:21:52+00:00,Small Buttonquail,0.06227528303861618,58,0.22502675604060202,NON_WHITELISTED,0,,
230,2026-09-11T22:21:53+00:00,Small Buttonquail,0.9453696608543396,58,0.12612668566414967,NON_WHITELISTED,0,,
231,2026-09-11T22:21:59+00:00,California Thrasher,0.021757720038294792,58,0.014313379551684362,LOW_CONFIDENCE,0,,
232,2026-09-11T22:22:01+00:00,California Thrasher,0.12027928978204727,58,0.01276165356037957,NON_WHITELISTED,0,,
233,2026-09-11T22:22:05+00:00,Pied Avocet,0.13189426064491272,58,0.011098725506891578,NON_WHITELISTED,0,,
234,2026-09-11T22:22:07+00:00,Pied Avocet,0.08992993086576462,58,0.011133947588505395,NON_WHITELISTED,0,,
235,2026-09-11T22:22:08+00:00,Pied Avocet,0.19157914817333221,58,0.010044198641375634,NON_WHITELISTED,0,,
236,2026-09-11T22:22:20+00:00,Pied Avocet,0.3288182020187378,57,0.012448245666555668,NON_WHITELISTED,0,,
237,2026-09-11T22:22:22+00:00,Long-tailed Manakin,0.07412298023700714,57,0.010754479639870324,NON_WHITELISTED,0,,
238,2026-09-11T22:23:14+00:00,Common Tailorbird,0.6991001963615417,57,0.015261005911932917,NON_WHITELISTED,0,,
239,2026-09-11T22:23:16+00:00,Common Tailorbird,0.9340042471885681,57,0.02287844161451164,NON_WHITELISTED,0,,
240,2026-09-11T22:23:17+00:00,Common Tailorbird,0.9431686401367188,57,0.01874520359249089,NON_WHITELISTED,0,,
241,2026-09-11T22:23:19+00:00,Common Tailorbird,0.9264893531799316,57,0.011329820168525222,NON_WHITELISTED,0,,
242,2026-09-11T22:23:26+00:00,Common Tailorbird,0.9247114658355713,57,0.022022759759539778,NON_WHITELISTED,0,,
243,2026-09-11T22:23:28+00:00,Common Tailorbird,0.9058804512023926,57,0.023021031180914767,NON_WHITELISTED,0,,
244,2026-09-11T22:23:29+00:00,Common Tailorbird,0.8956980109214783,57,0.010058553257044647,NON_WHITELISTED,0,,
245,2026-09-11T22:23:35+00:00,Common Tailorbird,0.9144924283027649,57,0.010000595130553902,NON_WHITELISTED,0,,
246,2026-09-11T22:23:41+00:00,Common Tailorbird,0.8518316149711609,57,0.010008047880182834,NON_WHITELISTED,0,,
247,2026-09-11T22:23:43+00:00,Common Tailorbird,0.9287301301956177,57,0.043523501044745665,NON_WHITELISTED,0,,
248,2026-09-11T22:23:44+00:00,Common Tailorbird,0.9796349406242371,57,0.04370945491236211,NON_WHITELISTED,0,,
249,2026-09-11T22:23:49+00:00,Common Tailorbird,0.669845700263977,57,0.012333211423926788,NON_WHITELISTED,0,,
250,2026-09-11T22:23:50+00:00,Common Tailorbird,0.9666573405265808,57,0.015527740836080056,NON_WHITELISTED,0,,
251,2026-09-11T22:23:52+00:00,Common Tailorbird,0.9055293798446655,57,0.013916695835809803,NON_WHITELISTED,0,,
252,2026-09-11T22:23:53+00:00,Common Tailorbird,0.8804917931556702,57,0.013799475720037065,NON_WHITELISTED,0,,
253,2026-09-11T22:23:55+00:00,Common Tailorbird,0.6418913006782532,57,0.010606751179643062,NON_WHITELISTED,0,,
254,2026-09-11T22:23:58+00:00,Common Tailorbird,0.9283276200294495,57,0.010253144043857751,NON_WHITELISTED,0,,
255,2026-09-11T22:23:59+00:00,Common Tailorbird,0.9304707646369934,57,0.01177377777951914,NON_WHITELISTED,0,,
256,2026-09-11T22:24:01+00:00,Common Tailorbird,0.8776670098304749,57,0.013735905544444043,NON_WHITELISTED,0,,
257,2026-09-11T22:24:02+00:00,Common Tailorbird,0.955096423625946,57,0.011446900165224433,NON_WHITELISTED,0,,
258,2026-09-11T22:24:07+00:00,Common Tailorbird,0.969298779964447,57,0.012577719450521378,NON_WHITELISTED,0,,
259,2026-09-11T22:24:08+00:00,Common Tailorbird,0.9685094356536865,57,0.011489785737295121,NON_WHITELISTED,0,,
260,2026-09-11T22:24:10+00:00,Common Tailorbird,0.9564570784568787,57,0.011391342498835342,NON_WHITELISTED,0,,
261,2026-09-11T22:24:16+00:00,Common Tailorbird,0.9867152571678162,57,0.010088181826861154,NON_WHITELISTED,0,,
262,2026-09-11T22:24:17+00:00,Common Tailorbird,0.9755378365516663,57,0.011640597645229404,NON_WHITELISTED,0,,
263,2026-09-11T22:24:19+00:00,Common Tailorbird,0.7632009983062744,57,0.012997373529577142,NON_WHITELISTED,0,,
264,2026-09-11T22:24:20+00:00,Common Tailorbird,0.8197256922721863,57,0.011287419197846604,NON_WHITELISTED,0,,
265,2026-09-11T22:24:35+00:00,Common Tailorbird,0.8128494620323181,57,0.012591208569455909,NON_WHITELISTED,0,,
266,2026-09-11T22:24:37+00:00,Common Tailorbird,0.9809818267822266,57,0.013292093960316288,NON_WHITELISTED,0,,
267,2026-09-11T22:25:11+00:00,Purple Sunbird,0.8902826309204102,56,0.010923148281712796,CANDIDATE,1,,
268,2026-09-11T22:25:13+00:00,Purple Sunbird,0.551001787185669,56,0.01152389801490175,CANDIDATE,1,,
269,2026-09-11T22:25:13+00:00,Purple Sunbird,0.8902826309204102,56,0.01152389801490175,CONFIRMED,1,/app/python/spectrograms/269_Purple_Sunbird.png,"{""mfcc_mean"": [-467.29522705078125, 184.12217712402344, -75.6576919555664, -10.890448570251465, 28.5899658203125, -31.524860382080078, 5.870580673217773, 21.298799514770508, -23.45311737060547, 7.158089637756348, 2.956916570663452, -7.570230960845947, -13.796565055847168], ""mfcc_std"": [24.017070770263672, 21.76704216003418, 25.090993881225586, 22.119823455810547, 13.190522193908691, 19.176340103149414, 16.82649040222168, 16.872018814086914, 19.073278427124023, 14.948654174804688, 13.840300559997559, 18.847034454345703, 11.983485221862793], ""spectral_centroid_mean"": 2844.030389319359, ""spectral_bandwidth_mean"": 2412.0490182076155, ""spectral_rolloff_mean"": 4117.769281914893, ""zero_crossing_rate_mean"": 0.1134266954787234, ""rms_mean"": 0.010051972232758999, ""spectral_flatness_mean"": 0.0004838283348362893}"
270,2026-09-11T22:25:14+00:00,Purple Sunbird,0.3886958658695221,56,0.012192169811117117,CANDIDATE,1,,
271,2026-09-11T22:25:16+00:00,Purple Sunbird,0.5593051314353943,56,0.012615116060337939,CANDIDATE,1,,
272,2026-09-11T22:25:17+00:00,Purple Sunbird,0.6208301782608032,56,0.036837446745136365,CANDIDATE,1,,
273,2026-09-11T22:25:19+00:00,Purple Sunbird,0.07786338776350021,56,0.03641964228793305,CANDIDATE,1,,
274,2026-09-11T22:25:34+00:00,Purple Sunbird,0.5253943800926208,56,0.014133753981600761,CANDIDATE,1,,
275,2026-09-11T22:25:35+00:00,Purple Sunbird,0.6271491646766663,56,0.016486528168988285,CANDIDATE,1,,
276,2026-09-11T22:25:35+00:00,Purple Sunbird,0.6271491646766663,56,0.016486528168988285,CONFIRMED,1,/app/python/spectrograms/276_Purple_Sunbird.png,"{""mfcc_mean"": [-431.3122863769531, 186.67672729492188, -78.97309875488281, -14.176131248474121, 13.590444564819336, -31.204275131225586, 0.3704436719417572, 4.963935852050781, -17.313114166259766, 1.6895486116409302, -11.645466804504395, -10.783984184265137, -4.733517646789551], ""mfcc_std"": [53.61192321777344, 20.868877410888672, 27.33171272277832, 19.10856819152832, 11.529340744018555, 16.202667236328125, 13.066701889038086, 11.134748458862305, 14.098814964294434, 9.73213005065918, 13.880531311035156, 12.858074188232422, 9.701895713806152], ""spectral_centroid_mean"": 2553.502837493802, ""spectral_bandwidth_mean"": 2411.0206417545473, ""spectral_rolloff_mean"": 3796.7918882978724, ""zero_crossing_rate_mean"": 0.0968182070035461, ""rms_mean"": 0.01317993737757206, ""spectral_flatness_mean"": 0.0006128657842054963}"
277,2026-09-11T22:25:37+00:00,Purple Sunbird,0.6630271077156067,56,0.010766924338910995,CANDIDATE,1,,
278,2026-09-11T22:25:43+00:00,Purple Sunbird,0.5593156814575195,56,0.01701225275552815,CANDIDATE,1,,
279,2026-09-11T22:25:44+00:00,Purple Sunbird,0.3159230053424835,56,0.015828091709340013,CANDIDATE,1,,
280,2026-09-11T22:25:53+00:00,Carolina Wren,0.9833173155784607,56,0.01510972756473499,NON_WHITELISTED,0,,
281,2026-09-11T22:25:55+00:00,Carolina Wren,0.8747458457946777,56,0.014831618872686376,NON_WHITELISTED,0,,
282,2026-09-11T22:25:59+00:00,Carolina Wren,0.9530227184295654,56,0.018116457342042525,NON_WHITELISTED,0,,
283,2026-09-11T22:26:01+00:00,Carolina Wren,0.8673166036605835,56,0.016191967710598863,NON_WHITELISTED,0,,
284,2026-09-11T22:26:04+00:00,Carolina Wren,0.9919235110282898,56,0.010720335605452833,NON_WHITELISTED,0,,
285,2026-09-11T22:26:05+00:00,Carolina Wren,0.9971966743469238,56,0.010614428018916648,NON_WHITELISTED,0,,
286,2026-09-11T22:26:14+00:00,Eurasian Wren,0.9886558055877686,56,0.010423347233235998,NON_WHITELISTED,0,,
287,2026-09-11T22:26:16+00:00,Eurasian Wren,0.9918583035469055,56,0.010669772831732437,NON_WHITELISTED,0,,
288,2026-09-11T22:26:38+00:00,Eurasian Wren,0.9904691576957703,56,0.010160627668141502,NON_WHITELISTED,0,,
289,2026-09-11T22:26:50+00:00,Eurasian Wren,0.9648934602737427,55,0.010066929653093883,NON_WHITELISTED,0,,
290,2026-09-11T22:26:52+00:00,Eurasian Wren,0.9795824289321899,55,0.010111276455382996,NON_WHITELISTED,0,,
291,2026-09-11T22:26:59+00:00,Eurasian Nuthatch,0.060599762946367264,55,0.018964192569877386,NON_WHITELISTED,0,,
292,2026-09-11T22:27:01+00:00,White-browed Wagtail,0.05867806449532509,55,0.034462733034262893,NON_WHITELISTED,0,,
293,2026-09-11T22:27:02+00:00,Melodious Blackbird,0.13345207273960114,55,0.10250911011382599,NON_WHITELISTED,0,,
294,2026-09-11T22:27:04+00:00,Human non-vocal,0.05382408946752548,55,0.10177533016437428,NON_WHITELISTED,0,,
295,2026-09-11T22:27:05+00:00,Human non-vocal,0.03339839726686478,55,0.02618292480857202,LOW_CONFIDENCE,0,,
296,2026-09-11T22:29:50+00:00,Crested Bobwhite,0.11646980792284012,54,0.012343816971138413,NON_WHITELISTED,0,,
297,2026-09-11T22:29:52+00:00,Chestnut-vented Warbler,0.05260796099901199,54,0.027054188638790572,NON_WHITELISTED,0,,
298,2026-09-11T22:29:53+00:00,Pied Avocet,0.08833353966474533,54,0.03453051141732522,NON_WHITELISTED,0,,
299,2026-09-11T22:29:55+00:00,Pied Avocet,0.44582751393318176,54,0.029933238568204592,NON_WHITELISTED,0,,
300,2026-09-11T22:29:56+00:00,Red-winged Starling,0.1701107621192932,54,0.02375767600844335,NON_WHITELISTED,0,,
301,2026-09-11T22:29:58+00:00,Red-vented Bulbul,0.06894125044345856,54,0.018007980542189994,CANDIDATE,1,,
302,2026-09-11T22:29:58+00:00,Red-vented Bulbul,0.13134202361106873,54,0.018007980542189994,CONFIRMED,1,/app/python/spectrograms/302_Red-vented_Bulbul.png,"{""mfcc_mean"": [-530.8118286132812, 153.56732177734375, -1.784059762954712, -27.62586212158203, 9.569802284240723, 13.268621444702148, 2.7303760051727295, -5.48610782623291, -9.192564964294434, -4.810543537139893, -3.5942277908325195, -1.5120913982391357, -2.1669974327087402], ""mfcc_std"": [25.091821670532227, 12.093010902404785, 31.209171295166016, 19.691099166870117, 20.153287887573242, 14.234617233276367, 15.706334114074707, 8.919612884521484, 12.124990463256836, 10.100242614746094, 10.684885025024414, 8.744827270507812, 11.168941497802734], ""spectral_centroid_mean"": 2488.8989418164847, ""spectral_bandwidth_mean"": 3774.816320751551, ""spectral_rolloff_mean"": 3142.9521276595747, ""zero_crossing_rate_mean"": 0.058633574357269506, ""rms_mean"": 0.010184337384998798, ""spectral_flatness_mean"": 0.0020989710465073586}"
303,2026-09-11T22:30:01+00:00,Common Bulbul,0.03454285115003586,54,0.013971656106136139,LOW_CONFIDENCE,0,,
304,2026-09-11T22:30:02+00:00,Pied Avocet,0.05856207385659218,54,0.015167045222427799,NON_WHITELISTED,0,,
305,2026-09-11T22:30:05+00:00,Loggerhead Shrike,0.04871950298547745,54,0.01197955032336128,LOW_CONFIDENCE,0,,
306,2026-09-11T22:30:07+00:00,Patagonian Mockingbird,0.05090843141078949,54,0.012028883598059564,NON_WHITELISTED,0,,
307,2026-09-11T22:30:35+00:00,California Thrasher,0.8045656085014343,54,0.013322516763719807,NON_WHITELISTED,0,,
308,2026-09-11T22:30:37+00:00,California Thrasher,0.7912436127662659,54,0.014910214436404494,NON_WHITELISTED,0,,
309,2026-09-11T22:30:38+00:00,Northern Shrike,0.26324331760406494,54,0.011798230358850744,NON_WHITELISTED,0,,
310,2026-09-11T22:30:41+00:00,California Thrasher,0.4568445682525635,54,0.012079525596316434,NON_WHITELISTED,0,,
311,2026-09-11T22:30:43+00:00,California Thrasher,0.17047721147537231,54,0.01260315643139769,NON_WHITELISTED,0,,
312,2026-09-11T22:30:52+00:00,Northern Shrike,0.8024800419807434,54,0.010690704319113249,NON_WHITELISTED,0,,
313,2026-09-11T22:30:53+00:00,Northern Shrike,0.5550668239593506,54,0.010290500550543718,NON_WHITELISTED,0,,
314,2026-09-11T22:31:05+00:00,Eastern Olivaceous Warbler,0.9336378574371338,54,0.012278479463933836,NON_WHITELISTED,0,,
315,2026-09-11T22:31:07+00:00,Eastern Olivaceous Warbler,0.9554417729377747,54,0.012271662201782194,NON_WHITELISTED,0,,
316,2026-09-11T22:31:08+00:00,Eastern Olivaceous Warbler,0.7682880163192749,54,0.011953303057018189,NON_WHITELISTED,0,,
317,2026-09-11T22:31:10+00:00,Eastern Olivaceous Warbler,0.08240361511707306,54,0.011387955087765944,NON_WHITELISTED,0,,
318,2026-09-11T22:31:11+00:00,Western Capercaillie,0.09049184620380402,54,0.010795393478499346,NON_WHITELISTED,0,,
319,2026-09-11T22:31:13+00:00,Eastern Olivaceous Warbler,0.7473556399345398,54,0.01164928434742529,NON_WHITELISTED,0,,
320,2026-09-11T22:31:28+00:00,Water Rail,0.023731563240289688,54,0.01138100707147111,LOW_CONFIDENCE,0,,
321,2026-09-11T22:31:29+00:00,Ring-necked Parakeet,0.47625213861465454,54,0.010657345137285746,NON_WHITELISTED,0,,
322,2026-09-11T22:31:34+00:00,Ring-necked Parakeet,0.7704097628593445,54,0.010062238459488249,NON_WHITELISTED,0,,
323,2026-09-11T22:31:37+00:00,Water Rail,0.05985879898071289,54,0.010430306538725663,NON_WHITELISTED,0,,
324,2026-09-11T22:31:38+00:00,Ring-necked Parakeet,0.34042713046073914,54,0.01163882087919506,NON_WHITELISTED,0,,
325,2026-09-11T22:31:43+00:00,Ring-necked Parakeet,0.8748964071273804,54,0.010371998627556393,NON_WHITELISTED,0,,
326,2026-09-11T22:31:47+00:00,Ring-necked Parakeet,0.6261013746261597,54,0.0106771427044043,NON_WHITELISTED,0,,
327,2026-09-11T22:31:52+00:00,Ring-necked Parakeet,0.8226286768913269,53,0.011084966454604004,NON_WHITELISTED,0,,
328,2026-09-11T22:31:56+00:00,Ring-necked Parakeet,0.41836896538734436,53,0.010911203077547251,NON_WHITELISTED,0,,
329,2026-09-11T22:31:58+00:00,Ring-necked Parakeet,0.8157333135604858,53,0.010205431786287689,NON_WHITELISTED,0,,
330,2026-09-11T22:32:01+00:00,Ring-necked Parakeet,0.8465782999992371,53,0.010848732686421052,NON_WHITELISTED,0,,
331,2026-09-11T22:32:05+00:00,Ring-necked Parakeet,0.18929603695869446,53,0.010756743207342675,NON_WHITELISTED,0,,
332,2026-09-11T22:32:10+00:00,Ring-necked Parakeet,0.8021804094314575,53,0.010466922395417149,NON_WHITELISTED,0,,
333,2026-09-11T22:33:22+00:00,Black Drongo,0.2573062479496002,53,0.01223101149080686,NON_WHITELISTED,0,,
334,2026-09-11T22:33:23+00:00,Black Drongo,0.411094605922699,53,0.015342649287375835,NON_WHITELISTED,0,,
335,2026-09-11T22:33:25+00:00,Black Drongo,0.971603512763977,53,0.014671527886808698,NON_WHITELISTED,0,,
336,2026-09-11T22:33:26+00:00,Black Drongo,0.9868305325508118,53,0.013503334565277176,NON_WHITELISTED,0,,
337,2026-09-11T22:33:28+00:00,Black Drongo,0.10960568487644196,53,0.014244058069556422,NON_WHITELISTED,0,,
338,2026-09-11T22:33:29+00:00,Black Drongo,0.49263593554496765,53,0.014086041659500502,NON_WHITELISTED,0,,
339,2026-09-11T22:33:31+00:00,Black Drongo,0.9670194983482361,53,0.013039057152825159,NON_WHITELISTED,0,,
340,2026-09-11T22:33:32+00:00,Black Drongo,0.992849588394165,53,0.012823394613397978,NON_WHITELISTED,0,,
341,2026-09-11T22:33:34+00:00,Black Drongo,0.5089108943939209,53,0.013297529582308345,NON_WHITELISTED,0,,
342,2026-09-11T22:33:34+00:00,Common Myna,0.12413085252046585,53,0.013297529582308345,CONFIRMED,1,/app/python/spectrograms/342_Common_Myna.png,"{""mfcc_mean"": [-508.8518371582031, 167.3721923828125, -55.939395904541016, -16.187267303466797, 36.441280364990234, -7.155303478240967, -1.3096486330032349, 2.1938974857330322, -10.803936004638672, -0.794237494468689, -14.829780578613281, 1.3234068155288696, 3.532428741455078], ""mfcc_std"": [37.04792785644531, 15.002755165100098, 40.33340072631836, 21.043188095092773, 19.63787269592285, 17.816396713256836, 24.009902954101562, 13.356691360473633, 23.08102035522461, 11.366421699523926, 13.295860290527344, 10.289546966552734, 11.925345420837402], ""spectral_centroid_mean"": 2710.989922827609, ""spectral_bandwidth_mean"": 2834.4815438229602, ""spectral_rolloff_mean"": 3477.559840425532, ""zero_crossing_rate_mean"": 0.09444432901152482, ""rms_mean"": 0.010112465359270573, ""spectral_flatness_mean"": 0.0010721039725467563}"
343,2026-09-11T22:33:35+00:00,Black Drongo,0.5321537852287292,53,0.012298021758478227,NON_WHITELISTED,0,,
344,2026-09-11T22:33:37+00:00,Black Drongo,0.9900993704795837,53,0.012019586244497685,NON_WHITELISTED,0,,
345,2026-09-11T22:33:38+00:00,Black Drongo,0.9848052859306335,53,0.01357273466876927,NON_WHITELISTED,0,,
346,2026-09-11T22:33:40+00:00,Black Drongo,0.4022112190723419,53,0.01481176663776459,NON_WHITELISTED,0,,
347,2026-09-11T22:33:41+00:00,Black Drongo,0.3797435164451599,53,0.015107404567346017,NON_WHITELISTED,0,,
348,2026-09-11T22:33:43+00:00,Black Drongo,0.8468751311302185,53,0.01823174858131039,NON_WHITELISTED,0,,
349,2026-09-11T22:33:44+00:00,Black Drongo,0.9413936138153076,53,0.019087511926782853,NON_WHITELISTED,0,,
350,2026-09-11T22:33:46+00:00,Black Drongo,0.2697623074054718,53,0.016066015021875425,NON_WHITELISTED,0,,
351,2026-09-11T22:33:47+00:00,Black Drongo,0.27267035841941833,53,0.014023516682228638,NON_WHITELISTED,0,,
352,2026-09-11T22:33:49+00:00,Black Drongo,0.9844958782196045,53,0.011071088073844689,NON_WHITELISTED,0,,
353,2026-09-11T22:33:50+00:00,Black Drongo,0.9949097037315369,53,0.015576167434774395,NON_WHITELISTED,0,,
354,2026-09-11T22:33:52+00:00,Black Drongo,0.4066736102104187,53,0.01977902212996708,NON_WHITELISTED,0,,
355,2026-09-11T22:33:53+00:00,Tufted Titmouse,0.33200493454933167,53,0.015384191978214015,NON_WHITELISTED,0,,
356,2026-09-11T22:33:55+00:00,Black Drongo,0.8497268557548523,53,0.01053007926224833,NON_WHITELISTED,0,,
357,2026-09-11T22:33:56+00:00,Black Drongo,0.9780963063240051,53,0.017305288207153012,NON_WHITELISTED,0,,
358,2026-09-11T22:33:58+00:00,Black Drongo,0.6199780702590942,53,0.019612378001232736,NON_WHITELISTED,0,,
359,2026-09-11T22:33:59+00:00,Black Drongo,0.30447739362716675,53,0.016405325320306367,NON_WHITELISTED,0,,
360,2026-09-11T22:33:59+00:00,Common Myna,0.13170260190963745,53,0.016405325320306367,CONFIRMED,1,/app/python/spectrograms/360_Common_Myna.png,"{""mfcc_mean"": [-506.4015808105469, 160.35235595703125, -48.626190185546875, -15.4099760055542, 30.626901626586914, -4.666461944580078, 1.3524531126022339, 2.2236273288726807, -9.83508586883545, -3.8842263221740723, -15.425019264221191, -1.0943948030471802, 10.14133071899414], ""mfcc_std"": [33.05799102783203, 13.177953720092773, 41.2674674987793, 16.098134994506836, 16.508602142333984, 17.174285888671875, 22.89569664001465, 15.31627368927002, 20.13043785095215, 12.05726146697998, 11.620753288269043, 10.91131591796875, 11.311031341552734], ""spectral_centroid_mean"": 2663.085098588888, ""spectral_bandwidth_mean"": 2944.569196811325, ""spectral_rolloff_mean"": 3502.3271276595747, ""zero_crossing_rate_mean"": 0.08675995955230496, ""rms_mean"": 0.011252270080149174, ""spectral_flatness_mean"": 0.0010751571971923113}"
361,2026-09-11T22:34:01+00:00,Black Drongo,0.6390136480331421,53,0.013072596655550012,NON_WHITELISTED,0,,
362,2026-09-11T22:34:02+00:00,Black Drongo,0.9936384558677673,53,0.016446136759500022,NON_WHITELISTED,0,,
363,2026-09-11T22:34:04+00:00,Black Drongo,0.9899023771286011,53,0.01686384653985443,NON_WHITELISTED,0,,
364,2026-09-11T22:34:05+00:00,Black Drongo,0.2659839689731598,53,0.012699405911846528,NON_WHITELISTED,0,,
365,2026-09-11T22:34:07+00:00,Black Drongo,0.820651113986969,53,0.011624156158658801,NON_WHITELISTED,0,,
366,2026-09-11T22:34:08+00:00,Black Drongo,0.9923402070999146,53,0.013601046795252234,NON_WHITELISTED,0,,
367,2026-09-11T22:34:10+00:00,Black Drongo,0.9717796444892883,53,0.014277040769176817,NON_WHITELISTED,0,,
368,2026-09-11T22:34:11+00:00,Common Myna,0.25178971886634827,53,0.012589878305001377,CANDIDATE,1,,
369,2026-09-11T22:34:11+00:00,Common Myna,0.25178971886634827,53,0.012589878305001377,CONFIRMED,1,/app/python/spectrograms/369_Common_Myna.png,"{""mfcc_mean"": [-508.0076599121094, 163.36582946777344, -47.23860168457031, -14.606822967529297, 31.63654136657715, -4.808998107910156, 1.1250100135803223, 0.30170586705207825, -10.561797142028809, 0.3915470242500305, -12.371902465820312, -2.7011749744415283, 4.992359638214111], ""mfcc_std"": [33.94108200073242, 13.435274124145508, 39.3868408203125, 18.587465286254883, 16.794790267944336, 17.120046615600586, 21.374242782592773, 13.989465713500977, 20.209407806396484, 12.039094924926758, 13.57603931427002, 11.034749031066895, 11.356485366821289], ""spectral_centroid_mean"": 2662.219831428645, ""spectral_bandwidth_mean"": 2974.057368400585, ""spectral_rolloff_mean"": 3447.6396276595747, ""zero_crossing_rate_mean"": 0.08859187998670212, ""rms_mean"": 0.009262179024517536, ""spectral_flatness_mean"": 0.0010431986302137375}"
370,2026-09-11T22:34:13+00:00,Black Drongo,0.8786701560020447,53,0.011877693556363275,NON_WHITELISTED,0,,
371,2026-09-11T22:34:14+00:00,Black Drongo,0.9843079447746277,53,0.01257710023973443,NON_WHITELISTED,0,,
372,2026-09-11T22:34:16+00:00,Black Drongo,0.8854547739028931,53,0.015425008482372724,NON_WHITELISTED,0,,
373,2026-09-11T22:34:17+00:00,Asian Koel,0.15314483642578125,53,0.014082521662555409,CANDIDATE,1,,
374,2026-09-11T22:34:19+00:00,Banded Bay Cuckoo,0.07828138023614883,53,0.01864314585251163,NON_WHITELISTED,0,,
375,2026-09-11T22:34:20+00:00,Rüppell's Robin-Chat,0.052408210933208466,52,0.023336884249049273,NON_WHITELISTED,0,,
376,2026-09-11T22:34:22+00:00,White-bellied Drongo,0.1459231674671173,52,0.0177541108364339,NON_WHITELISTED,0,,
377,2026-09-11T22:34:23+00:00,Greater Racket-tailed Drongo,0.05877814069390297,52,0.013364420672495858,NON_WHITELISTED,0,,
378,2026-09-11T22:34:25+00:00,White-throated Kingfisher,0.1547834277153015,52,0.014967560648800896,CANDIDATE,1,,
379,2026-09-11T22:34:26+00:00,Rufous-bellied Thrush,0.07866095006465912,52,0.021515136929819302,NON_WHITELISTED,0,,
380,2026-09-11T22:34:28+00:00,Rufous-bellied Thrush,0.10668277740478516,52,0.019591090588550467,NON_WHITELISTED,0,,
381,2026-09-11T22:34:29+00:00,Stork-billed Kingfisher,0.07992461323738098,52,0.01426157409805106,NON_WHITELISTED,0,,
382,2026-09-11T22:34:31+00:00,Common Myna,0.1581631302833557,52,0.014861296952901707,CANDIDATE,1,,
383,2026-09-11T22:34:32+00:00,Spotted Owlet,0.050537701696157455,52,0.016615531025614763,NON_WHITELISTED,0,,
384,2026-09-11T22:34:34+00:00,Orange-headed Thrush,0.04221490025520325,52,0.020015102233117185,LOW_CONFIDENCE,0,,
385,2026-09-11T22:34:35+00:00,White-bellied Drongo,0.2278299331665039,52,0.01475632081667518,NON_WHITELISTED,0,,
386,2026-09-11T22:34:35+00:00,Common Myna,0.1581631302833557,52,0.01475632081667518,CONFIRMED,1,/app/python/spectrograms/386_Common_Myna.png,"{""mfcc_mean"": [-485.87322998046875, 153.42051696777344, -42.884910583496094, -5.116930961608887, 8.377616882324219, 6.740135669708252, 8.990562438964844, -21.74166488647461, -9.090831756591797, 16.15721893310547, -8.303385734558105, -9.053666114807129, -1.4217016696929932], ""mfcc_std"": [42.11738967895508, 14.900910377502441, 29.280141830444336, 23.846633911132812, 19.7670841217041, 16.76898193359375, 20.860973358154297, 14.014261245727539, 16.685070037841797, 15.65626049041748, 9.744452476501465, 15.457220077514648, 9.55701732635498], ""spectral_centroid_mean"": 2855.7380623564354, ""spectral_bandwidth_mean"": 3023.889029366072, ""spectral_rolloff_mean"": 4321.39295212766, ""zero_crossing_rate_mean"": 0.09659830729166667, ""rms_mean"": 0.010805739089846611, ""spectral_flatness_mean"": 0.0016389013035222888}"
387,2026-09-11T22:34:37+00:00,Common Myna,0.16075150668621063,52,0.010583414938001901,CANDIDATE,1,,
388,2026-09-11T22:34:38+00:00,White-throated Kingfisher,0.1943151205778122,52,0.01235113232904416,CANDIDATE,1,,
389,2026-09-11T22:34:40+00:00,Cocoa Thrush,0.0362703837454319,52,0.019084156070784578,LOW_CONFIDENCE,0,,
390,2026-09-11T22:34:41+00:00,White-bellied Drongo,0.10929258912801743,52,0.01811967822744348,NON_WHITELISTED,0,,
391,2026-09-11T22:34:43+00:00,Greater Racket-tailed Drongo,0.13229966163635254,52,0.013536689666875166,NON_WHITELISTED,0,,
392,2026-09-11T22:34:44+00:00,Common Myna,0.17817337810993195,52,0.013633238297846434,CANDIDATE,1,,
393,2026-09-11T22:34:44+00:00,White-throated Kingfisher,0.1943151205778122,52,0.013633238297846434,CONFIRMED,1,/app/python/spectrograms/393_White-throated_Kingfisher.png,"{""mfcc_mean"": [-447.86041259765625, 148.59608459472656, -63.858924865722656, 19.777494430541992, 1.4191019535064697, -5.4162397384643555, -1.4782288074493408, -26.497440338134766, -2.403223752975464, 19.1541690826416, -15.069637298583984, -15.080568313598633, -1.892167091369629], ""mfcc_std"": [35.94430160522461, 11.26878833770752, 34.99033737182617, 14.65060806274414, 21.428590774536133, 10.23397159576416, 10.618282318115234, 8.869668006896973, 10.149367332458496, 11.503186225891113, 9.073019027709961, 10.783585548400879, 8.711077690124512], ""spectral_centroid_mean"": 3145.973624953304, ""spectral_bandwidth_mean"": 2984.655571081092, ""spectral_rolloff_mean"": 5513.879654255319, ""zero_crossing_rate_mean"": 0.10616307901152482, ""rms_mean"": 0.010366419330239296, ""spectral_flatness_mean"": 0.0017622628947719932}"
394,2026-09-11T22:34:46+00:00,Cocoa Thrush,0.1080462783575058,52,0.01913259529842159,NON_WHITELISTED,0,,
395,2026-09-11T22:34:47+00:00,Rufous-bellied Thrush,0.07628033310174942,52,0.02168331797996098,NON_WHITELISTED,0,,
396,2026-09-11T22:34:49+00:00,Eurasian Eagle Owl,0.2264150232076645,52,0.039525836688619295,NON_WHITELISTED,0,,
397,2026-09-11T22:34:50+00:00,Tawny-browed Owl,0.05578693747520447,52,0.03893067809748805,NON_WHITELISTED,0,,
398,2026-09-11T22:34:52+00:00,Brown Wood-Owl,0.200025737285614,52,0.014255201885110726,NON_WHITELISTED,0,,
399,2026-09-11T22:34:53+00:00,Rufous-bellied Thrush,0.0512118823826313,52,0.02170355941608537,NON_WHITELISTED,0,,
400,2026-09-11T22:34:55+00:00,White-bellied Drongo,0.2140437513589859,52,0.020208275823029375,NON_WHITELISTED,0,,
401,2026-09-11T22:34:56+00:00,Common Myna,0.15547406673431396,52,0.011840221107758642,CANDIDATE,1,,
402,2026-09-11T22:34:58+00:00,Red-vented Bulbul,0.09243201464414597,52,0.012402619268896348,CANDIDATE,1,,
403,2026-09-11T22:34:58+00:00,Common Myna,0.15547406673431396,52,0.012402619268896348,CONFIRMED,1,/app/python/spectrograms/403_Common_Myna.png,"{""mfcc_mean"": [-476.10772705078125, 171.4071807861328, -40.87799835205078, -8.935412406921387, 5.434910774230957, -7.3553595542907715, 0.263123095035553, -12.738798141479492, -6.006373405456543, 8.265580177307129, -17.534090042114258, -11.522482872009277, -3.2738497257232666], ""mfcc_std"": [44.72980880737305, 29.819549560546875, 43.043190002441406, 29.434518814086914, 16.86543846130371, 13.84410572052002, 12.3134765625, 17.47291374206543, 12.318489074707031, 14.623274803161621, 11.025517463684082, 11.547143936157227, 10.777770042419434], ""spectral_centroid_mean"": 2549.6826187674747, ""spectral_bandwidth_mean"": 2978.3470671062323, ""spectral_rolloff_mean"": 3764.9601063829787, ""zero_crossing_rate_mean"": 0.07958811225620567, ""rms_mean"": 0.009450143203139305, ""spectral_flatness_mean"": 0.000991969252936542}"
404,2026-09-11T22:34:59+00:00,Black Drongo,0.7770172357559204,52,0.016625503934986578,NON_WHITELISTED,0,,
405,2026-09-11T22:35:01+00:00,Black Drongo,0.9871097803115845,52,0.015400401273656368,NON_WHITELISTED,0,,
406,2026-09-11T22:35:07+00:00,Greater Racket-tailed Drongo,0.18220031261444092,52,0.011532934401752657,NON_WHITELISTED,0,,
407,2026-09-11T22:35:08+00:00,Greater Racket-tailed Drongo,0.24348147213459015,52,0.011416664474253184,NON_WHITELISTED,0,,
408,2026-09-11T22:35:11+00:00,Tristram's Starling,0.10661617666482925,52,0.011863817839086199,NON_WHITELISTED,0,,
409,2026-09-11T22:35:13+00:00,Spotted Owlet,0.1757209151983261,52,0.011429199814796417,NON_WHITELISTED,0,,
410,2026-09-11T22:35:14+00:00,Asian Fairy-bluebird,0.11991439014673233,52,0.01355454237695546,NON_WHITELISTED,0,,
411,2026-09-11T22:35:16+00:00,Greater Racket-tailed Drongo,0.18602626025676727,52,0.014082476988300055,NON_WHITELISTED,0,,
412,2026-09-11T22:35:17+00:00,Greater Racket-tailed Drongo,0.18516571819782257,52,0.013621759440271285,NON_WHITELISTED,0,,
413,2026-09-11T22:35:19+00:00,Greater Racket-tailed Drongo,0.37081003189086914,52,0.013187678541810533,NON_WHITELISTED,0,,
414,2026-09-11T22:35:20+00:00,Greater Racket-tailed Drongo,0.37122824788093567,52,0.01042874623921021,NON_WHITELISTED,0,,
415,2026-09-11T22:35:25+00:00,Spotted Owlet,0.21470031142234802,52,0.010911464012424396,NON_WHITELISTED,0,,
416,2026-09-11T22:35:26+00:00,Greater Racket-tailed Drongo,0.30617666244506836,52,0.012597103155399253,NON_WHITELISTED,0,,
417,2026-09-11T22:35:28+00:00,Greater Racket-tailed Drongo,0.23072108626365662,52,0.011780163800661833,NON_WHITELISTED,0,,
418,2026-09-11T22:35:29+00:00,Greater Racket-tailed Drongo,0.4761846363544464,52,0.01175295350824792,NON_WHITELISTED,0,,
419,2026-09-11T22:35:31+00:00,Greater Racket-tailed Drongo,0.5958224534988403,52,0.010458810314206314,NON_WHITELISTED,0,,
420,2026-09-11T22:35:34+00:00,Rufous-tailed Attila,0.041734177619218826,52,0.011958332380939673,LOW_CONFIDENCE,0,,
421,2026-09-11T22:35:52+00:00,Common Pheasant,0.9895121455192566,52,0.011558437305332033,NON_WHITELISTED,0,,
422,2026-09-11T22:35:53+00:00,Common Pheasant,0.9978522062301636,52,0.013741305056339892,NON_WHITELISTED,0,,
423,2026-09-11T22:36:11+00:00,Common Pheasant,0.5821904540061951,52,0.01113970552739229,NON_WHITELISTED,0,,
424,2026-09-11T22:36:22+00:00,Common Pheasant,0.5238420367240906,51,0.010567364356803187,NON_WHITELISTED,0,,
425,2026-09-11T22:36:46+00:00,Malabar Trogon,0.47807976603507996,51,0.012045877074054063,NON_WHITELISTED,0,,
426,2026-09-11T22:36:47+00:00,Malabar Trogon,0.6547616720199585,51,0.015611288538803416,NON_WHITELISTED,0,,
427,2026-09-11T22:36:49+00:00,Malabar Trogon,0.1888553649187088,51,0.012172010587419098,NON_WHITELISTED,0,,
428,2026-09-11T22:36:50+00:00,Spot-breasted Fantail,0.07572730630636215,51,0.010476900242698695,NON_WHITELISTED,0,,
429,2026-09-11T22:36:52+00:00,Malabar Trogon,0.6173651814460754,51,0.018407010088875252,NON_WHITELISTED,0,,
430,2026-09-11T22:36:53+00:00,Malabar Trogon,0.8138241767883301,51,0.021975511335199354,NON_WHITELISTED,0,,
431,2026-09-11T22:36:55+00:00,Resplendent Quetzal,0.909976065158844,51,0.01676320875697282,NON_WHITELISTED,0,,
432,2026-09-11T22:36:56+00:00,Malabar Trogon,0.7685583829879761,51,0.018196961989330553,NON_WHITELISTED,0,,
433,2026-09-11T22:36:58+00:00,Malabar Trogon,0.7370455861091614,51,0.0172788336768258,NON_WHITELISTED,0,,
434,2026-09-11T22:37:01+00:00,Malabar Trogon,0.327252060174942,51,0.015110029861821405,NON_WHITELISTED,0,,
435,2026-09-11T22:37:02+00:00,Malabar Trogon,0.8424963355064392,51,0.020125060248723372,NON_WHITELISTED,0,,
436,2026-09-11T22:37:04+00:00,Malabar Trogon,0.904047966003418,51,0.019114620743622943,NON_WHITELISTED,0,,
437,2026-09-11T22:37:05+00:00,Malabar Trogon,0.5333667397499084,51,0.01475974327779561,NON_WHITELISTED,0,,
438,2026-09-11T22:37:07+00:00,Malabar Trogon,0.6827045679092407,51,0.015224118523371495,NON_WHITELISTED,0,,
439,2026-09-11T22:37:08+00:00,Malabar Trogon,0.9260151386260986,51,0.014125509606961786,NON_WHITELISTED,0,,
440,2026-09-11T22:37:11+00:00,Black-hooded Oriole,0.20694035291671753,51,0.012975109562589966,NON_WHITELISTED,0,,
441,2026-09-11T22:37:13+00:00,Malabar Trogon,0.6899908781051636,51,0.019129937034146702,NON_WHITELISTED,0,,
442,2026-09-11T22:37:14+00:00,Resplendent Quetzal,0.8929322957992554,51,0.018469502134214874,NON_WHITELISTED,0,,
443,2026-09-11T22:37:16+00:00,Malabar Trogon,0.8047775626182556,51,0.015450439544554584,NON_WHITELISTED,0,,
444,2026-09-11T22:37:17+00:00,Malabar Trogon,0.8984276056289673,51,0.015975691906606557,NON_WHITELISTED,0,,
445,2026-09-11T22:37:19+00:00,Malabar Trogon,0.8212854266166687,51,0.011685553408267263,NON_WHITELISTED,0,,
446,2026-09-11T22:37:22+00:00,Malabar Trogon,0.5228424072265625,51,0.01704966891959832,NON_WHITELISTED,0,,
447,2026-09-11T22:37:23+00:00,Malabar Trogon,0.6843017339706421,51,0.01889702992475634,NON_WHITELISTED,0,,
448,2026-09-11T22:37:25+00:00,Malabar Trogon,0.29745495319366455,51,0.012093661740627737,NON_WHITELISTED,0,,
449,2026-09-11T22:37:29+00:00,Malabar Whistling-Thrush,0.08054710924625397,51,0.0215529011118309,NON_WHITELISTED,0,,
450,2026-09-11T22:37:31+00:00,Malabar Whistling-Thrush,0.7091576457023621,51,0.02612694156577739,NON_WHITELISTED,0,,
451,2026-09-11T22:37:32+00:00,Malabar Whistling-Thrush,0.1454337239265442,51,0.022053554449079294,NON_WHITELISTED,0,,
452,2026-09-11T22:37:34+00:00,Malabar Whistling-Thrush,0.2208450585603714,51,0.02279224356223965,NON_WHITELISTED,0,,
453,2026-09-11T22:37:35+00:00,Malabar Whistling-Thrush,0.8852732181549072,51,0.02153973760702477,NON_WHITELISTED,0,,
454,2026-09-11T22:37:37+00:00,Grey Butcherbird,0.29211723804473877,51,0.022439721679246183,NON_WHITELISTED,0,,
455,2026-09-11T22:37:38+00:00,Malabar Whistling-Thrush,0.3520525097846985,51,0.02508755805915802,NON_WHITELISTED,0,,
456,2026-09-11T22:37:40+00:00,Malabar Whistling-Thrush,0.8541105389595032,51,0.02073046116971373,NON_WHITELISTED,0,,
457,2026-09-11T22:37:41+00:00,Malabar Whistling-Thrush,0.4085778594017029,51,0.02033074723227976,NON_WHITELISTED,0,,
458,2026-09-11T22:37:43+00:00,Malabar Whistling-Thrush,0.1785271018743515,51,0.026682083664114273,NON_WHITELISTED,0,,
459,2026-09-11T22:37:44+00:00,Malabar Whistling-Thrush,0.9837718605995178,51,0.02331725431964638,NON_WHITELISTED,0,,
460,2026-09-11T22:37:46+00:00,Malabar Whistling-Thrush,0.8067592978477478,51,0.01794168991638957,NON_WHITELISTED,0,,
461,2026-09-11T22:37:47+00:00,Black-throated Laughingthrush,0.017108693718910217,51,0.019754647021755015,LOW_CONFIDENCE,0,,
462,2026-09-11T22:37:49+00:00,Australian Magpie,0.497627317905426,51,0.014904143126578418,NON_WHITELISTED,0,,
463,2026-09-11T22:38:04+00:00,Ruddy Shelduck,0.9092503190040588,51,0.010217188256694406,NON_WHITELISTED,0,,
464,2026-09-11T22:38:05+00:00,Ruddy Shelduck,0.1743289828300476,51,0.012871608452694782,NON_WHITELISTED,0,,
465,2026-09-11T22:38:08+00:00,Human non-vocal,0.20683377981185913,51,0.029311815464568822,NON_WHITELISTED,0,,
466,2026-09-11T22:38:10+00:00,Rock Dove,0.041337400674819946,51,0.04578319359453745,LOW_CONFIDENCE,0,,
467,2026-09-11T22:38:11+00:00,Trumpeter Swan,0.028576446697115898,51,0.0613790072168149,LOW_CONFIDENCE,0,,
468,2026-09-11T22:38:13+00:00,Ruddy Pigeon,0.010165251791477203,51,0.05952714426196188,LOW_CONFIDENCE,0,,
469,2026-09-11T22:38:14+00:00,Moustached Turca,0.07637335360050201,51,0.03372418322910696,NON_WHITELISTED,0,,
470,2026-09-11T22:38:19+00:00,Human vocal,0.06790986657142639,51,0.016026053558147336,NON_WHITELISTED,0,,
471,2026-09-11T22:38:20+00:00,Human non-vocal,0.15632428228855133,51,0.01913131761670605,NON_WHITELISTED,0,,
472,2026-09-11T22:38:22+00:00,Little Egret,0.26618054509162903,51,0.011940062667862988,NON_WHITELISTED,0,,
473,2026-09-11T22:39:23+00:00,Shikra,0.15185000002384186,50,0.011799363658685353,NON_WHITELISTED,0,,
474,2026-09-11T22:39:25+00:00,Eurasian Eagle Owl,0.029724448919296265,50,0.01180140231550942,LOW_CONFIDENCE,0,,
475,2026-09-11T22:40:11+00:00,African Penguin,0.052462153136730194,50,0.014001286889915724,NON_WHITELISTED,0,,
476,2026-09-11T22:40:13+00:00,African Penguin,0.12050370872020721,50,0.014007875404844114,NON_WHITELISTED,0,,
477,2026-09-11T22:40:28+00:00,Eurasian Scops Owl,0.041125841438770294,50,0.010627620549028985,LOW_CONFIDENCE,0,,
478,2026-09-11T22:40:29+00:00,Black-faced Ibis,0.08420225232839584,50,0.010658423504832173,NON_WHITELISTED,0,,
479,2026-09-12T10:55:14+00:00,Human vocal,0.0334320068359375,99,0.010343420887252394,LOW_CONFIDENCE,0,,
480,2026-09-12T10:57:13+00:00,Great Bittern,0.06389936804771423,100,0.016050481414759735,NON_WHITELISTED,0,,
481,2026-09-12T10:57:14+00:00,Austral Pygmy-Owl,0.037513311952352524,100,0.017218403814373576,LOW_CONFIDENCE,0,,
482,2026-09-12T11:01:30+00:00,Red-vented Bulbul,0.06720644980669022,100,0.016747007563284778,CANDIDATE,1,,
483,2026-09-12T11:01:31+00:00,European Bee-eater,0.05544399097561836,100,0.019078856164578776,NON_WHITELISTED,0,,
484,2026-09-12T11:01:33+00:00,European Bee-eater,0.21347497403621674,100,0.01110828597121726,NON_WHITELISTED,0,,
485,2026-09-12T11:02:10+00:00,Asian Emerald Dove,0.23540498316287994,100,0.010092099462793533,NON_WHITELISTED,0,,
486,2026-09-12T11:02:28+00:00,Great Bittern,0.12033139914274216,100,0.01098188386502686,NON_WHITELISTED,0,,
487,2026-09-12T11:02:30+00:00,Great Bittern,0.5888134241104126,100,0.018419824361104915,NON_WHITELISTED,0,,
488,2026-09-12T11:02:31+00:00,Yellow-billed Babbler,0.06998629868030548,100,0.03674051583661323,NON_WHITELISTED,0,,
489,2026-09-12T11:02:33+00:00,Sakhalin Leaf Warbler,0.11460305005311966,100,0.03433977216685323,NON_WHITELISTED,0,,
490,2026-09-12T11:03:55+00:00,House Crow,0.361623078584671,100,0.012641901377122936,CANDIDATE,1,,
491,2026-09-12T11:03:57+00:00,House Crow,0.17140322923660278,100,0.013715631675516276,CANDIDATE,1,,
492,2026-09-12T11:03:57+00:00,House Crow,0.361623078584671,100,0.013715631675516276,CONFIRMED,1,/app/python/spectrograms/492_House_Crow.png,"{""mfcc_mean"": [-552.2852172851562, 164.8242950439453, 10.171034812927246, -3.344569444656372, 25.072114944458008, 13.004652976989746, 22.177297592163086, 6.728082656860352, -13.874025344848633, 4.43166446685791, 9.472867012023926, 9.538681983947754, -7.786494731903076], ""mfcc_std"": [46.51285171508789, 36.059669494628906, 37.84132766723633, 30.494653701782227, 19.752376556396484, 21.309303283691406, 22.551504135131836, 13.172547340393066, 17.601146697998047, 11.655774116516113, 9.993768692016602, 7.353295803070068, 8.916990280151367], ""spectral_centroid_mean"": 2178.8640782144266, ""spectral_bandwidth_mean"": 3616.7918435552806, ""spectral_rolloff_mean"": 4006.2333776595747, ""zero_crossing_rate_mean"": 0.04179306571365248, ""rms_mean"": 0.01000442449003458, ""spectral_flatness_mean"": 0.002277865307405591}"
493,2026-09-12T11:04:15+00:00,Greater Coucal,0.039794884622097015,100,0.010408918031795776,LOW_CONFIDENCE,1,,
494,2026-09-12T11:04:16+00:00,Shikra,0.02049616351723671,100,0.011024865079060597,LOW_CONFIDENCE,0,,
495,2026-09-12T11:04:40+00:00,Greater Coucal,0.049479544162750244,100,0.010224091652539409,LOW_CONFIDENCE,1,,
496,2026-09-12T11:04:54+00:00,Indian Scops Owl,0.05352182313799858,100,0.012818517173282862,NON_WHITELISTED,0,,
497,2026-09-12T11:04:55+00:00,Indian Scops Owl,0.06402412801980972,100,0.01239315142269767,NON_WHITELISTED,0,,
498,2026-09-12T11:05:37+00:00,Yellow-billed Babbler,0.06506557762622833,100,0.025138677328161982,NON_WHITELISTED,0,,
499,2026-09-12T11:05:39+00:00,Greater Coucal,0.07002373784780502,100,0.024803034440341355,CANDIDATE,1,,
500,2026-09-12T11:07:06+00:00,Red-vented Bulbul,0.08097484707832336,100,0.013320624046491555,CANDIDATE,1,,
501,2026-09-12T11:07:07+00:00,Helmeted Curassow,0.022166665643453598,100,0.011261258724811504,LOW_CONFIDENCE,0,,
502,2026-09-12T11:08:09+00:00,Great Bittern,0.09960716962814331,100,0.0100927672658099,NON_WHITELISTED,0,,
503,2026-09-12T11:08:10+00:00,Great Bittern,0.9117310643196106,100,0.010182285430136908,NON_WHITELISTED,0,,
504,2026-09-12T11:10:07+00:00,Rook,0.13790452480316162,100,0.029994972495751216,NON_WHITELISTED,0,,
505,2026-09-12T11:10:09+00:00,Rook,0.20541734993457794,100,0.04029885573700861,NON_WHITELISTED,0,,
506,2026-09-12T11:10:10+00:00,Rook,0.08395197242498398,100,0.02795185940227511,NON_WHITELISTED,0,,
507,2026-09-12T11:10:18+00:00,Great Bittern,0.32521775364875793,100,0.011049636981776995,NON_WHITELISTED,0,,
508,2026-09-12T11:10:19+00:00,Jerdon's Bushlark,0.08339270204305649,100,0.02010630510180803,NON_WHITELISTED,0,,
509,2026-09-12T11:10:19+00:00,House Crow,0.08717525005340576,100,0.02010630510180803,CONFIRMED,1,/app/python/spectrograms/509_House_Crow.png,"{""mfcc_mean"": [-511.5892028808594, 161.0167999267578, 30.440200805664062, 1.6443076133728027, 27.599262237548828, 22.120141983032227, 24.51018714904785, 17.48448944091797, 0.9188011884689331, 5.2067036628723145, 11.33396053314209, 13.156146049499512, 3.797070264816284], ""mfcc_std"": [23.435094833374023, 20.817045211791992, 16.541297912597656, 17.54262924194336, 7.337366104125977, 13.794059753417969, 12.983023643493652, 6.798789978027344, 9.485318183898926, 6.855241298675537, 10.626541137695312, 6.359296798706055, 7.024569034576416], ""spectral_centroid_mean"": 1479.2478476307638, ""spectral_bandwidth_mean"": 3557.2747554914904, ""spectral_rolloff_mean"": 1766.4561170212767, ""zero_crossing_rate_mean"": 0.01412379488031915, ""rms_mean"": 0.01602804847061634, ""spectral_flatness_mean"": 0.00027915745158679783}"
510,2026-09-12T11:10:21+00:00,Shikra,0.04455744847655296,100,0.019405958538331887,LOW_CONFIDENCE,0,,
511,2026-09-12T11:10:37+00:00,Rook,0.5424527525901794,100,0.019805310673048138,NON_WHITELISTED,0,,
512,2026-09-12T11:10:39+00:00,Rook,0.21991409361362457,100,0.019844311285858205,NON_WHITELISTED,0,,
513,2026-09-12T11:13:01+00:00,Eurasian Hoopoe,0.01544730830937624,100,0.011590677451524539,LOW_CONFIDENCE,0,,
514,2026-09-12T11:13:03+00:00,Greater Flamingo,0.02650361880660057,100,0.0107567924686531,LOW_CONFIDENCE,0,,
515,2026-09-12T11:13:04+00:00,Great Bittern,0.3307056128978729,100,0.010576254331892932,NON_WHITELISTED,0,,
516,2026-09-12T11:13:06+00:00,Great Bittern,0.17716869711875916,100,0.012522070328530555,NON_WHITELISTED,0,,
517,2026-09-12T11:13:15+00:00,Great Bittern,0.0548085980117321,100,0.010287098325217278,NON_WHITELISTED,0,,
518,2026-09-12T11:13:16+00:00,Great Bittern,0.07861186563968658,100,0.011697077669858376,NON_WHITELISTED,0,,
519,2026-09-12T11:13:33+00:00,Asian Koel,0.03133750706911087,100,0.010832611348955606,LOW_CONFIDENCE,1,,
520,2026-09-12T11:13:34+00:00,Coppersmith Barbet,0.16393175721168518,100,0.011454389039735611,CANDIDATE,1,,
521,2026-09-12T11:13:39+00:00,Austral Pygmy-Owl,0.03294682875275612,100,0.019063523558588164,LOW_CONFIDENCE,0,,
522,2026-09-12T11:13:40+00:00,Atlantic Canary,0.02618934027850628,100,0.02329659356224803,LOW_CONFIDENCE,0,,
523,2026-09-12T11:13:42+00:00,Canyon Wren,0.014369424432516098,100,0.015662242721857563,LOW_CONFIDENCE,0,,
524,2026-09-12T11:14:01+00:00,Austral Pygmy-Owl,0.04723609611392021,100,0.010647723312515137,LOW_CONFIDENCE,0,,
525,2026-09-12T11:14:03+00:00,Great Bittern,0.04281468689441681,100,0.011564235262343885,LOW_CONFIDENCE,0,,
526,2026-09-12T11:14:39+00:00,Shikra,0.06813357770442963,100,0.0130332173838739,NON_WHITELISTED,0,,
527,2026-09-12T11:14:40+00:00,Shikra,0.044988010078668594,100,0.016756390715663916,LOW_CONFIDENCE,0,,
528,2026-09-12T11:14:42+00:00,Andean Solitaire,0.06034443899989128,100,0.017492504202482106,NON_WHITELISTED,0,,
529,2026-09-12T11:14:43+00:00,House Crow,0.0416717492043972,100,0.011354964183810998,LOW_CONFIDENCE,1,,
530,2026-09-12T11:14:46+00:00,Human vocal,0.028684668242931366,100,0.010220751198602919,LOW_CONFIDENCE,0,,
531,2026-09-12T11:14:48+00:00,Human vocal,0.10859199613332748,100,0.01727960020926262,NON_WHITELISTED,0,,
532,2026-09-12T11:14:49+00:00,Human vocal,0.06121174246072769,100,0.0200284037285588,NON_WHITELISTED,0,,
533,2026-09-12T11:14:51+00:00,White-throated Fantail,0.035834189504384995,100,0.014432857996196697,LOW_CONFIDENCE,0,,
534,2026-09-12T11:14:52+00:00,Spot-breasted Fantail,0.035208042711019516,100,0.01460113586828013,LOW_CONFIDENCE,0,,
535,2026-09-12T11:14:54+00:00,Spot-breasted Fantail,0.023957887664437294,100,0.014529237079902908,LOW_CONFIDENCE,0,,
536,2026-09-12T11:15:01+00:00,Shikra,0.04681719094514847,100,0.010868707973579316,LOW_CONFIDENCE,0,,
537,2026-09-12T11:15:03+00:00,Rock Dove,0.016879623755812645,100,0.015695832803066422,LOW_CONFIDENCE,0,,
538,2026-09-12T11:15:04+00:00,White-browed Wagtail,0.021783463656902313,100,0.013118255093269039,LOW_CONFIDENCE,0,,
539,2026-09-12T11:15:10+00:00,White-browed Wagtail,0.0635514110326767,100,0.016119909638784447,NON_WHITELISTED,0,,
540,2026-09-12T11:15:12+00:00,Ashy-crowned Sparrow-Lark,0.030200114473700523,100,0.026568291586539016,LOW_CONFIDENCE,0,,
541,2026-09-12T11:15:13+00:00,White-browed Wagtail,0.021735910326242447,100,0.022196515732607842,LOW_CONFIDENCE,0,,
542,2026-09-12T11:15:16+00:00,Human vocal,0.0444183424115181,100,0.01261624507033498,LOW_CONFIDENCE,0,,
543,2026-09-12T11:15:18+00:00,Shikra,0.03816340118646622,100,0.010431443723728473,LOW_CONFIDENCE,0,,
544,2026-09-12T11:16:13+00:00,Human vocal,0.2519739270210266,100,0.027524188455889803,NON_WHITELISTED,0,,
545,2026-09-12T11:16:15+00:00,Human vocal,0.3492108881473541,100,0.03492155852789138,NON_WHITELISTED,0,,
546,2026-09-12T11:16:18+00:00,Human vocal,0.09828119724988937,100,0.026425282675395532,NON_WHITELISTED,0,,
547,2026-09-12T11:16:19+00:00,Canada Goose,0.08033937215805054,100,0.022333158439936177,NON_WHITELISTED,0,,
548,2026-09-12T11:16:20+00:00,Red-vented Bulbul,0.046625763177871704,100,0.019269606218948306,LOW_CONFIDENCE,1,,
549,2026-09-12T11:16:21+00:00,Red-vented Bulbul,0.15444715321063995,100,0.010903663661996394,CANDIDATE,1,,
550,2026-09-12T11:16:27+00:00,Human vocal,0.04541938379406929,100,0.0175907242589075,LOW_CONFIDENCE,0,,
551,2026-09-12T11:16:28+00:00,Human vocal,0.06561737507581711,100,0.016850162697860726,NON_WHITELISTED,0,,
552,2026-09-12T11:16:43+00:00,Indian Thick-knee,0.6279606819152832,100,0.01831825828720027,NON_WHITELISTED,0,,
553,2026-09-12T11:16:45+00:00,Indian Thick-knee,0.24590818583965302,100,0.0192490916761221,NON_WHITELISTED,0,,
554,2026-09-12T11:16:58+00:00,Rufous Treepie,0.042866915464401245,100,0.01079031530005278,LOW_CONFIDENCE,0,,
555,2026-09-12T11:17:12+00:00,Brown Rock Chat,0.0532439686357975,100,0.01375679509410227,NON_WHITELISTED,0,,
556,2026-09-12T11:17:13+00:00,Shikra,0.08385174721479416,100,0.01416395316833271,NON_WHITELISTED,0,,
557,2026-09-12T11:17:25+00:00,Red-whiskered Bulbul,0.18789106607437134,100,0.01020130882321491,CANDIDATE,1,,
558,2026-09-12T11:17:25+00:00,Red-vented Bulbul,0.13685402274131775,100,0.01020130882321491,CONFIRMED,1,/app/python/spectrograms/558_Red-vented_Bulbul.png,"{""mfcc_mean"": [-577.2897338867188, 146.21351623535156, 6.724076747894287, 17.979394912719727, 47.4155387878418, 8.746038436889648, 8.997068405151367, 14.649324417114258, 1.3245937824249268, 8.499153137207031, -4.073834419250488, 13.31006145477295, -1.1949801445007324], ""mfcc_std"": [28.870885848999023, 29.334684371948242, 35.924163818359375, 14.6019287109375, 19.91510772705078, 16.79459571838379, 20.052963256835938, 10.480518341064453, 12.447945594787598, 11.474977493286133, 10.231301307678223, 9.155706405639648, 9.306870460510254], ""spectral_centroid_mean"": 2518.537710952873, ""spectral_bandwidth_mean"": 3920.485736805639, ""spectral_rolloff_mean"": 4369.847074468085, ""zero_crossing_rate_mean"": 0.05107214095744681, ""rms_mean"": 0.008040009066462517, ""spectral_flatness_mean"": 0.0017088470049202442}"
559,2026-09-12T11:17:27+00:00,Mountain Bluebird,0.06503213196992874,100,0.010059432655532182,NON_WHITELISTED,0,,
560,2026-09-12T11:19:30+00:00,Shikra,0.07368563860654831,100,0.015180212895265667,NON_WHITELISTED,0,,
561,2026-09-12T11:19:31+00:00,Great Bittern,0.08213237673044205,100,0.014012214189110767,NON_WHITELISTED,0,,
562,2026-09-12T11:25:51+00:00,Red-vented Bulbul,0.0802057534456253,100,0.010143410304741396,CANDIDATE,1,,
563,2026-09-12T11:25:52+00:00,Greater Coucal,0.03979150578379631,100,0.01045139012924317,LOW_CONFIDENCE,1,,
564,2026-09-12T11:26:49+00:00,Shikra,0.04171885550022125,100,0.010258079815208033,LOW_CONFIDENCE,0,,
565,2026-09-12T11:26:51+00:00,House Crow,0.3116552233695984,100,0.010942596329740676,CANDIDATE,1,,
566,2026-09-12T11:28:09+00:00,Great Bittern,0.8430660367012024,100,0.0237656219997084,NON_WHITELISTED,0,,
567,2026-09-12T11:28:10+00:00,Great Bittern,0.38490375876426697,100,0.025986931967851724,NON_WHITELISTED,0,,
568,2026-09-12T11:28:12+00:00,Collared Scops Owl,0.07937890291213989,100,0.012154872339536672,NON_WHITELISTED,0,,
569,2026-09-12T11:29:28+00:00,Tropical Boubou,0.01897072046995163,100,0.014825720348039122,LOW_CONFIDENCE,0,,
570,2026-09-12T11:29:30+00:00,Engine,0.1589183658361435,100,0.01759529406290106,NON_WHITELISTED,0,,
571,2026-09-12T11:29:31+00:00,Great Bittern,0.8313692212104797,100,0.0231026272222022,NON_WHITELISTED,0,,
572,2026-09-12T11:29:33+00:00,Great Bittern,0.10882189124822617,100,0.02332792706966286,NON_WHITELISTED,0,,
573,2026-09-12T11:29:34+00:00,Great Bittern,0.06345981359481812,100,0.023696862102577532,NON_WHITELISTED,0,,
574,2026-09-12T11:29:36+00:00,Shikra,0.07685697078704834,100,0.023300557346087266,NON_WHITELISTED,0,,
575,2026-09-12T11:29:37+00:00,House Crow,0.04800556227564812,100,0.0121154274146345,LOW_CONFIDENCE,1,,
576,2026-09-12T11:32:01+00:00,Engine,0.02351493202149868,100,0.02161984703343285,LOW_CONFIDENCE,0,,
577,2026-09-12T11:32:03+00:00,Engine,0.11888662725687027,100,0.029192425132238357,NON_WHITELISTED,0,,
578,2026-09-12T11:32:04+00:00,Pied Butcherbird,0.07251929491758347,100,0.021094750230189963,NON_WHITELISTED,0,,
579,2026-09-12T11:32:58+00:00,Shikra,0.13924318552017212,100,0.01011622066539827,NON_WHITELISTED,0,,
580,2026-09-12T11:34:22+00:00,Indian Scops Owl,0.1246425211429596,100,0.024426829567705876,NON_WHITELISTED,0,,
581,2026-09-12T11:34:24+00:00,Helmeted Curassow,0.08833645284175873,100,0.026419449684532737,NON_WHITELISTED,0,,
582,2026-09-12T11:34:25+00:00,Common Myna,0.018062397837638855,100,0.012999606398723966,LOW_CONFIDENCE,1,,
583,2026-09-12T11:35:34+00:00,Great Bittern,0.4967266023159027,100,0.010261276423633187,NON_WHITELISTED,0,,
584,2026-09-12T11:35:36+00:00,Great Bittern,0.021907735615968704,100,0.015359170445858212,LOW_CONFIDENCE,0,,
585,2026-09-12T11:35:37+00:00,Great Bittern,0.18058176338672638,100,0.011836112474963141,NON_WHITELISTED,0,,
586,2026-09-12T11:37:12+00:00,Indian Scops Owl,0.10390202701091766,100,0.03427773131321863,NON_WHITELISTED,0,,
587,2026-09-12T11:37:13+00:00,Engine,0.16197004914283752,100,0.05190587344813585,NON_WHITELISTED,0,,
588,2026-09-12T11:37:15+00:00,Engine,0.04703459143638611,100,0.03939262960603492,LOW_CONFIDENCE,0,,
589,2026-09-12T11:37:57+00:00,Human vocal,0.06825556606054306,100,0.013522265065281364,NON_WHITELISTED,0,,
590,2026-09-12T11:37:58+00:00,House Crow,0.040554966777563095,100,0.01337713301581349,LOW_CONFIDENCE,1,,
591,2026-09-12T11:38:30+00:00,Great Bittern,0.18934129178524017,100,0.01255952013471238,NON_WHITELISTED,0,,
592,2026-09-12T11:38:31+00:00,Great Bittern,0.45546191930770874,100,0.01358432542321891,NON_WHITELISTED,0,,
593,2026-09-12T11:41:04+00:00,Shikra,0.07624392211437225,100,0.045507243648920906,NON_WHITELISTED,0,,
594,2026-09-12T11:41:08+00:00,Eurasian Curlew,0.06128626689314842,100,0.0474914170789975,NON_WHITELISTED,0,,
595,2026-09-12T11:41:08+00:00,Eurasian Curlew,0.057524047791957855,100,0.015136342087553883,NON_WHITELISTED,0,,
596,2026-09-12T11:43:38+00:00,Little Egret,0.03960729390382767,100,0.019271948716110713,LOW_CONFIDENCE,0,,
597,2026-09-12T11:43:38+00:00,Great Black-backed Gull,0.035822995007038116,100,0.02209628230756414,LOW_CONFIDENCE,0,,
598,2026-09-12T11:43:39+00:00,Barn Owl,0.034531742334365845,100,0.012949168863837452,LOW_CONFIDENCE,0,,
599,2026-09-12T11:44:22+00:00,Red-whiskered Bulbul,0.11393005400896072,100,0.01065324052946018,CANDIDATE,1,,
600,2026-09-12T11:44:49+00:00,Greater Coucal,0.07274799793958664,100,0.011244117275745346,CANDIDATE,1,,
601,2026-09-12T11:46:39+00:00,Engine,0.027551906183362007,100,0.013624211505646697,LOW_CONFIDENCE,0,,
602,2026-09-12T11:46:40+00:00,Engine,0.04991592466831207,100,0.014168754604838787,LOW_CONFIDENCE,0,,
603,2026-09-12T11:48:06+00:00,Great Bittern,0.2121032029390335,100,0.010676963285454887,NON_WHITELISTED,0,,
604,2026-09-12T11:48:07+00:00,Austral Pygmy-Owl,0.1339009404182434,100,0.023916292844263227,NON_WHITELISTED,0,,
605,2026-09-12T11:48:09+00:00,Tawny Owl,0.03203720226883888,100,0.023417075736766328,LOW_CONFIDENCE,0,,
606,2026-09-12T11:51:00+00:00,Shikra,0.038560111075639725,100,0.03268314829268338,LOW_CONFIDENCE,0,,
607,2026-09-12T11:51:01+00:00,White-browed Wagtail,0.02527359500527382,100,0.03267888259520819,LOW_CONFIDENCE,0,,
608,2026-09-12T11:51:15+00:00,Shikra,0.020367493852972984,100,0.010589930439334443,LOW_CONFIDENCE,0,,
609,2026-09-12T11:51:16+00:00,Engine,0.03890964761376381,100,0.01198350816092537,LOW_CONFIDENCE,0,,
610,2026-09-12T11:51:18+00:00,Shikra,0.0852818563580513,100,0.011124635770499519,NON_WHITELISTED,0,,
611,2026-09-12T11:52:31+00:00,Great Bittern,0.2798420786857605,100,0.010618058570568165,NON_WHITELISTED,0,,
612,2026-09-12T11:52:33+00:00,Shikra,0.0437999926507473,100,0.01818036516791023,LOW_CONFIDENCE,0,,
613,2026-09-12T11:52:34+00:00,Shikra,0.055972080677747726,100,0.01641849816463623,NON_WHITELISTED,0,,
614,2026-09-12T11:52:39+00:00,Eurasian Scops Owl,0.08168621361255646,100,0.012980708665845355,NON_WHITELISTED,0,,
615,2026-09-12T11:52:40+00:00,Great Bittern,0.745182454586029,100,0.02302660566931397,NON_WHITELISTED,0,,
616,2026-09-12T11:52:42+00:00,Great Bittern,0.8253871202468872,100,0.020393263138990318,NON_WHITELISTED,0,,
617,2026-09-12T11:52:43+00:00,Great Bittern,0.046561140567064285,100,0.013855343992290626,LOW_CONFIDENCE,0,,
618,2026-09-12T11:52:45+00:00,Great Bittern,0.060463763773441315,100,0.013960182947829736,NON_WHITELISTED,0,,
619,2026-09-12T11:52:51+00:00,Shikra,0.07422374188899994,100,0.011701957305268119,NON_WHITELISTED,0,,
620,2026-09-12T11:52:52+00:00,Brambling,0.2887621223926544,100,0.011958384428770842,NON_WHITELISTED,0,,
621,2026-09-12T11:53:34+00:00,Asian Emerald Dove,0.12011852115392685,100,0.023385027784414772,NON_WHITELISTED,0,,
622,2026-09-12T11:53:36+00:00,Brown Wood-Owl,0.1678095906972885,100,0.022666052396335668,NON_WHITELISTED,0,,
623,2026-09-12T11:53:37+00:00,House Crow,0.4582473039627075,100,0.011481041492814334,CANDIDATE,1,,
624,2026-09-12T11:53:39+00:00,House Crow,0.35604342818260193,100,0.0128675359322471,CANDIDATE,1,,
625,2026-09-12T11:53:39+00:00,House Crow,0.4582473039627075,100,0.0128675359322471,CONFIRMED,1,/app/python/spectrograms/625_House_Crow.png,"{""mfcc_mean"": [-524.4055786132812, 171.73541259765625, 12.10520076751709, -10.383310317993164, 32.55344772338867, 20.66815948486328, 36.64619827270508, 19.70268440246582, -4.013434886932373, 10.471447944641113, 3.177824020385742, 17.54585838317871, -0.8521819710731506], ""mfcc_std"": [21.790447235107422, 16.802812576293945, 18.907514572143555, 17.46164894104004, 7.477453231811523, 9.484007835388184, 9.034119606018066, 6.306856632232666, 7.229745388031006, 5.590064525604248, 5.452843189239502, 5.830007553100586, 7.046680450439453], ""spectral_centroid_mean"": 1796.2157037936138, ""spectral_bandwidth_mean"": 3881.0085921828017, ""spectral_rolloff_mean"": 2222.822473404255, ""zero_crossing_rate_mean"": 0.01815298093971631, ""rms_mean"": 0.010763785801827908, ""spectral_flatness_mean"": 0.00040898032602854073}"
626,2026-09-12T11:53:42+00:00,House Crow,0.11905433982610703,100,0.010574252375747467,CANDIDATE,1,,
627,2026-09-12T11:53:43+00:00,House Crow,0.23717518150806427,100,0.012153460922212391,CANDIDATE,1,,
628,2026-09-12T11:56:52+00:00,House Crow,0.05790778622031212,100,0.021797412557408604,CANDIDATE,1,,
629,2026-09-12T11:56:54+00:00,House Crow,0.12983180582523346,100,0.021808549028436416,CANDIDATE,1,,
630,2026-09-12T11:56:54+00:00,House Crow,0.12983180582523346,100,0.021808549028436416,CONFIRMED,1,/app/python/spectrograms/630_House_Crow.png,"{""mfcc_mean"": [-535.3637084960938, 173.99952697753906, 6.693172454833984, -25.981992721557617, 8.82817554473877, 3.791548490524292, 5.510178565979004, 4.205273151397705, -2.91914963722229, 3.5240769386291504, -2.236905574798584, 0.2850157916545868, -5.926298141479492], ""mfcc_std"": [75.44602966308594, 52.113609313964844, 28.741384506225586, 32.35049819946289, 11.574742317199707, 16.491458892822266, 17.51425552368164, 6.763496398925781, 8.761490821838379, 12.107498168945312, 15.597131729125977, 9.421548843383789, 7.189346790313721], ""spectral_centroid_mean"": 2418.94998381125, ""spectral_bandwidth_mean"": 3914.8616911511567, ""spectral_rolloff_mean"": 4812.583111702128, ""zero_crossing_rate_mean"": 0.04193677969858156, ""rms_mean"": 0.013617154210805893, ""spectral_flatness_mean"": 0.0018658752087503672}"
631,2026-09-12T11:59:57+00:00,Barn Owl,0.03970355540513992,100,0.01427430531663238,LOW_CONFIDENCE,0,,
632,2026-09-12T11:59:58+00:00,Eurasian Scops Owl,0.04358453303575516,100,0.014370498689956237,LOW_CONFIDENCE,0,,
633,2026-09-12T12:03:31+00:00,Shikra,0.09636001288890839,100,0.030747197919918035,NON_WHITELISTED,0,,
634,2026-09-12T12:03:33+00:00,Engine,0.07824433594942093,100,0.03120162644953051,NON_WHITELISTED,0,,
635,2026-09-12T12:03:34+00:00,House Crow,0.21982242166996002,100,0.013538345339797789,CANDIDATE,1,,
636,2026-09-12T12:03:34+00:00,House Crow,0.21982242166996002,100,0.013538345339797789,CONFIRMED,1,/app/python/spectrograms/636_House_Crow.png,"{""mfcc_mean"": [-517.91455078125, 165.7738800048828, 32.4290657043457, 15.823304176330566, 43.713623046875, 4.818606853485107, 25.719161987304688, 16.088905334472656, -4.564361572265625, 13.26197338104248, -8.619678497314453, 5.943711280822754, -8.932530403137207], ""mfcc_std"": [11.264630317687988, 10.202713012695312, 9.779489517211914, 10.536816596984863, 4.656454563140869, 10.838716506958008, 8.425369262695312, 6.391347408294678, 9.08922004699707, 4.975427150726318, 6.469171524047852, 7.1378984451293945, 5.310798645019531], ""spectral_centroid_mean"": 1724.981345720644, ""spectral_bandwidth_mean"": 4259.897997038481, ""spectral_rolloff_mean"": 2050.282579787234, ""zero_crossing_rate_mean"": 0.00997340425531915, ""rms_mean"": 0.01284827385097742, ""spectral_flatness_mean"": 0.00024628304527141154}"
637,2026-09-12T12:04:12+00:00,House Crow,0.4150787591934204,100,0.01059617468469582,CANDIDATE,1,,
638,2026-09-12T12:05:24+00:00,Engine,0.0367683582007885,100,0.03623619856612575,LOW_CONFIDENCE,0,,
639,2026-09-12T12:05:25+00:00,Engine,0.4395070970058441,100,0.04077831282841562,NON_WHITELISTED,0,,
640,2026-09-12T12:05:27+00:00,Rock Dove,0.859397292137146,100,0.02020818044796276,NON_WHITELISTED,0,,
641,2026-09-12T12:05:28+00:00,Rock Dove,0.05641208589076996,100,0.026040798170847035,NON_WHITELISTED,0,,
642,2026-09-12T12:05:30+00:00,Chilean Tinamou,0.04526347666978836,100,0.03559121370528167,LOW_CONFIDENCE,0,,
643,2026-09-12T12:05:31+00:00,Australian Reed Warbler,0.04393543303012848,100,0.028754360476835085,LOW_CONFIDENCE,0,,
644,2026-09-12T12:05:33+00:00,Pied Currawong,0.141313374042511,100,0.027061858641514537,NON_WHITELISTED,0,,
645,2026-09-12T12:05:34+00:00,Red-tailed Black-Cockatoo,0.1529257595539093,100,0.030234651536248172,NON_WHITELISTED,0,,
646,2026-09-12T12:05:36+00:00,Grey Butcherbird,0.05130700021982193,100,0.04273770424090549,NON_WHITELISTED,0,,
647,2026-09-12T12:05:37+00:00,Great Bittern,0.024466391652822495,100,0.03896431676274961,LOW_CONFIDENCE,0,,
648,2026-09-12T12:05:39+00:00,Great Bittern,0.5986621379852295,100,0.02823081354230102,NON_WHITELISTED,0,,
649,2026-09-12T12:05:40+00:00,Great Bittern,0.6610251069068909,100,0.02698521611873708,NON_WHITELISTED,0,,
650,2026-09-12T12:05:42+00:00,Indian Peafowl,0.06310446560382843,100,0.013965749461868343,NON_WHITELISTED,0,,
651,2026-09-12T12:05:43+00:00,Great Bittern,0.20180676877498627,100,0.025364526204330103,NON_WHITELISTED,0,,
652,2026-09-12T12:05:45+00:00,Great Bittern,0.7474068999290466,100,0.025026132094752275,NON_WHITELISTED,0,,
653,2026-09-12T12:05:47+00:00,Great Bittern,0.21187064051628113,100,0.01350804596565662,NON_WHITELISTED,0,,
654,2026-09-12T12:05:49+00:00,Shikra,0.03721179440617561,100,0.02830028879684593,LOW_CONFIDENCE,0,,
655,2026-09-12T12:05:51+00:00,Shikra,0.055358972400426865,100,0.028396872170412406,NON_WHITELISTED,0,,
656,2026-09-12T12:10:46+00:00,Striped Cuckoo,0.029621100053191185,100,0.03878103578815254,LOW_CONFIDENCE,0,,
657,2026-09-12T12:10:48+00:00,Tropical Screech-Owl,0.0894731879234314,100,0.04071647230861931,NON_WHITELISTED,0,,
658,2026-09-12T12:10:49+00:00,Tropical Screech-Owl,0.07213294506072998,100,0.01246128567217453,NON_WHITELISTED,0,,
659,2026-09-12T12:12:33+00:00,Tropical Screech-Owl,0.06029588729143143,100,0.02037150357425465,NON_WHITELISTED,0,,
660,2026-09-12T12:12:34+00:00,Engine,0.04456837847828865,100,0.029847267673302962,LOW_CONFIDENCE,0,,
661,2026-09-12T12:12:36+00:00,Great Bittern,0.15895235538482666,100,0.044190286431309504,NON_WHITELISTED,0,,
662,2026-09-12T12:12:37+00:00,Great Bittern,0.5727407932281494,100,0.043819658402898747,NON_WHITELISTED,0,,
663,2026-09-12T12:12:39+00:00,Tropical Screech-Owl,0.03054731898009777,100,0.02230423288162105,LOW_CONFIDENCE,0,,
664,2026-09-12T12:14:51+00:00,Rufous Treepie,0.08848420530557632,100,0.018926666625306576,NON_WHITELISTED,0,,
665,2026-09-12T12:14:54+00:00,Red-vented Bulbul,0.05112497881054878,100,0.019332481848158806,CANDIDATE,1,,
666,2026-09-12T12:16:16+00:00,Brambling,0.08116507530212402,100,0.013930169854474124,NON_WHITELISTED,0,,
667,2026-09-12T12:16:18+00:00,Grey Junglefowl,0.15048469603061676,100,0.013836108742751416,NON_WHITELISTED,0,,
668,2026-09-12T12:16:19+00:00,Eastern Spinebill,0.03285345807671547,100,0.010491346558195279,LOW_CONFIDENCE,0,,
669,2026-09-12T12:16:21+00:00,Abert's Towhee,0.40292122960090637,100,0.023215031748108378,NON_WHITELISTED,0,,
670,2026-09-12T12:16:22+00:00,Eastern Spinebill,0.042831216007471085,100,0.024366305103078904,LOW_CONFIDENCE,0,,
671,2026-09-12T12:16:24+00:00,Plain Prinia,0.04228712245821953,100,0.013046403060592935,LOW_CONFIDENCE,0,,
672,2026-09-12T12:16:25+00:00,Engine,0.060757823288440704,100,0.011087523860090496,NON_WHITELISTED,0,,
673,2026-09-12T12:17:43+00:00,Freckle-breasted Thornbird,0.019601505249738693,100,0.06320052137018556,LOW_CONFIDENCE,0,,
674,2026-09-12T12:17:45+00:00,Zitting Cisticola,0.045125994831323624,100,0.0652581075823076,LOW_CONFIDENCE,0,,
675,2026-09-12T12:17:47+00:00,Tawny Owl,0.04072810336947441,100,0.01755762397359015,LOW_CONFIDENCE,0,,
676,2026-09-12T12:18:17+00:00,Jerdon's Bushlark,0.03692680597305298,100,0.013329063716714414,LOW_CONFIDENCE,0,,
677,2026-09-12T12:18:18+00:00,Engine,0.03186890110373497,100,0.012250929709359606,LOW_CONFIDENCE,0,,
678,2026-09-12T12:19:27+00:00,Human vocal,0.04183753579854965,100,0.013943931492420243,LOW_CONFIDENCE,0,,
679,2026-09-12T12:19:29+00:00,Siren,0.02990878000855446,100,0.013215222752726614,LOW_CONFIDENCE,0,,
680,2026-09-12T12:19:30+00:00,Shikra,0.045982591807842255,100,0.015332351625346212,LOW_CONFIDENCE,0,,
681,2026-09-12T12:19:32+00:00,Human vocal,0.021089935675263405,100,0.02279961704735083,LOW_CONFIDENCE,0,,
682,2026-09-12T12:19:33+00:00,Austral Pygmy-Owl,0.04347822815179825,100,0.018840229410380986,LOW_CONFIDENCE,0,,
683,2026-09-12T12:19:35+00:00,Eurasian Scops Owl,0.049206461757421494,100,0.011420247764688822,LOW_CONFIDENCE,0,,
684,2026-09-12T12:19:36+00:00,Human vocal,0.0991988480091095,100,0.011884938298042968,NON_WHITELISTED,0,,
685,2026-09-12T12:19:37+00:00,Human vocal,0.09155897796154022,100,0.010886229032658892,NON_WHITELISTED,0,,
686,2026-09-12T12:24:17+00:00,Great Bittern,0.04997160658240318,100,0.01588655437583026,LOW_CONFIDENCE,0,,
687,2026-09-12T12:24:18+00:00,Engine,0.05830352008342743,100,0.028375591833845748,NON_WHITELISTED,0,,
688,2026-09-12T12:24:20+00:00,Engine,0.07244127243757248,100,0.02408250469272229,NON_WHITELISTED,0,,
689,2026-09-12T12:26:44+00:00,Shikra,0.02596294693648815,100,0.016019766748975917,LOW_CONFIDENCE,0,,
690,2026-09-12T12:26:45+00:00,Shikra,0.05537934601306915,100,0.029324155856025432,NON_WHITELISTED,0,,
691,2026-09-12T12:26:47+00:00,Red-vented Bulbul,0.06371894478797913,100,0.02522003062287981,CANDIDATE,1,,
692,2026-09-12T12:28:19+00:00,Grey-hooded Sierra Finch,0.05393420159816742,100,0.022180252181109323,NON_WHITELISTED,0,,
693,2026-09-12T12:28:21+00:00,Austral Pygmy-Owl,0.043705303221940994,100,0.02427401384776588,LOW_CONFIDENCE,0,,
694,2026-09-12T12:28:22+00:00,Engine,0.020934592932462692,100,0.014031720528848969,LOW_CONFIDENCE,0,,
695,2026-09-12T12:28:24+00:00,Engine,0.08646576851606369,100,0.011641151298802912,NON_WHITELISTED,0,,
696,2026-09-12T12:28:30+00:00,Shikra,0.09445076435804367,100,0.010042427397545482,NON_WHITELISTED,0,,
697,2026-09-12T12:29:42+00:00,Austral Pygmy-Owl,0.023649971932172775,100,0.02587019917967534,LOW_CONFIDENCE,0,,
698,2026-09-12T12:29:43+00:00,Great Bittern,0.6665594577789307,100,0.03471446910056927,NON_WHITELISTED,0,,
699,2026-09-12T12:29:45+00:00,Great Bittern,0.4536915421485901,100,0.035183310562813895,NON_WHITELISTED,0,,
700,2026-09-12T12:29:47+00:00,Great Bittern,0.07383828610181808,100,0.026564044537295706,NON_WHITELISTED,0,,
701,2026-09-12T12:32:31+00:00,Shikra,0.20196059346199036,100,0.016519423568205082,NON_WHITELISTED,0,,
702,2026-09-12T12:32:33+00:00,Little Egret,0.7241360545158386,100,0.018649817506253184,NON_WHITELISTED,0,,
703,2026-09-12T12:32:33+00:00,Red-vented Bulbul,0.12875846028327942,100,0.018649817506253184,CONFIRMED,1,/app/python/spectrograms/703_Red-vented_Bulbul.png,"{""mfcc_mean"": [-468.218017578125, 236.07635498046875, 9.332655906677246, -23.8949031829834, 19.579538345336914, 2.18986439704895, -6.456570625305176, -3.2346549034118652, 2.7279508113861084, 9.339340209960938, -13.818324089050293, -0.5540914535522461, 3.9689841270446777], ""mfcc_std"": [35.455284118652344, 26.757986068725586, 20.338918685913086, 23.894826889038086, 21.715497970581055, 10.162127494812012, 19.87377166748047, 12.074137687683105, 10.841989517211914, 11.50802230834961, 17.59064483642578, 9.989619255065918, 14.813633918762207], ""spectral_centroid_mean"": 1276.706757588515, ""spectral_bandwidth_mean"": 2269.390575393836, ""spectral_rolloff_mean"": 1884.2253989361702, ""zero_crossing_rate_mean"": 0.03709725454343971, ""rms_mean"": 0.016658704727888107, ""spectral_flatness_mean"": 0.00013973654131405056}"
704,2026-09-12T12:32:35+00:00,Red-whiskered Bulbul,0.057112351059913635,100,0.011065373482531237,CANDIDATE,1,,
705,2026-09-12T12:33:16+00:00,Great Bittern,0.33626788854599,100,0.011630918915524341,NON_WHITELISTED,0,,
706,2026-09-12T12:33:18+00:00,Great Bittern,0.6582508683204651,100,0.011549492614439771,NON_WHITELISTED,0,,
707,2026-09-12T12:38:15+00:00,Black Drongo,0.04808369651436806,100,0.010538470727749128,LOW_CONFIDENCE,0,,
708,2026-09-12T12:38:16+00:00,Austral Thrush,0.2010778784751892,100,0.012715162570722853,NON_WHITELISTED,0,,
709,2026-09-12T12:40:13+00:00,Red-vented Bulbul,0.06646440923213959,100,0.011861009963595064,CANDIDATE,1,,
710,2026-09-12T12:40:15+00:00,Tropical Screech-Owl,0.07034770399332047,100,0.013355451972602773,NON_WHITELISTED,0,,
711,2026-09-12T12:40:16+00:00,Tropical Screech-Owl,0.09118583053350449,100,0.01302694042391019,NON_WHITELISTED,0,,
712,2026-09-12T12:40:18+00:00,Tropical Screech-Owl,0.1128913089632988,100,0.011620166402045311,NON_WHITELISTED,0,,
713,2026-09-12T12:40:19+00:00,Austral Pygmy-Owl,0.14621810615062714,100,0.015256117622452093,NON_WHITELISTED,0,,
714,2026-09-12T12:40:21+00:00,Great Bittern,0.07996568083763123,100,0.019678510879883277,NON_WHITELISTED,0,,
715,2026-09-12T12:40:22+00:00,Great Bittern,0.03766849264502525,100,0.016096472317407913,LOW_CONFIDENCE,0,,
716,2026-09-12T12:45:19+00:00,Common Iora,0.2022559940814972,100,0.026066899952439628,NON_WHITELISTED,0,,
717,2026-09-12T12:45:21+00:00,Red-vented Bulbul,0.11640375852584839,100,0.02617111253304282,CANDIDATE,1,,
718,2026-09-12T12:48:37+00:00,Common Black Hawk,0.050116389989852905,100,0.019476919778702063,NON_WHITELISTED,0,,
719,2026-09-12T12:48:39+00:00,House Crow,0.02152193896472454,100,0.018232851723933744,LOW_CONFIDENCE,1,,
720,2026-09-12T12:50:54+00:00,Red-vented Bulbul,0.07884327322244644,100,0.011881392348421425,CANDIDATE,1,,
721,2026-09-12T12:54:45+00:00,Malayan Night Heron,0.04829997196793556,100,0.011822875635584299,LOW_CONFIDENCE,0,,
722,2026-09-12T12:59:09+00:00,House Crow,0.7493820190429688,100,0.01126543862433826,CANDIDATE,1,,
723,2026-09-12T12:59:10+00:00,House Crow,0.8500089049339294,100,0.011171345749828749,CANDIDATE,1,,
724,2026-09-12T12:59:10+00:00,House Crow,0.8500089049339294,100,0.011171345749828749,CONFIRMED,1,/app/python/spectrograms/724_House_Crow.png,"{""mfcc_mean"": [-544.3687133789062, 157.1061553955078, -10.051695823669434, 3.1364269256591797, 18.89112091064453, -0.5865896344184875, 25.832183837890625, 14.486085891723633, -11.228708267211914, 13.313542366027832, 4.910470485687256, 13.609126091003418, -5.624869346618652], ""mfcc_std"": [65.8840560913086, 32.25259780883789, 39.41014099121094, 38.948707580566406, 18.532968521118164, 10.843502044677734, 9.92047119140625, 7.202433109283447, 9.532912254333496, 7.381327152252197, 9.415452003479004, 8.058674812316895, 5.840372562408447], ""spectral_centroid_mean"": 2629.593739559324, ""spectral_bandwidth_mean"": 4203.405007934664, ""spectral_rolloff_mean"": 4685.089760638298, ""zero_crossing_rate_mean"": 0.041024282468971635, ""rms_mean"": 0.0069090500473976135, ""spectral_flatness_mean"": 0.0017245766939595342}"
725,2026-09-12T13:04:27+00:00,Red-naped Ibis,0.06616447120904922,100,0.020172644778189815,NON_WHITELISTED,0,,
726,2026-09-12T13:04:28+00:00,Shikra,0.06608378887176514,100,0.019995752279410386,NON_WHITELISTED,0,,
727,2026-09-12T13:05:58+00:00,Red-vented Bulbul,0.08468879014253616,100,0.017129996592166512,CANDIDATE,1,,
728,2026-09-12T13:06:00+00:00,Tropical Mockingbird,0.26409968733787537,100,0.01658944311347395,NON_WHITELISTED,0,,
729,2026-09-12T13:10:30+00:00,House Crow,0.9762351512908936,100,0.010353259333326852,CANDIDATE,1,,
730,2026-09-12T13:10:31+00:00,House Crow,0.9546743631362915,100,0.010137285352790357,CANDIDATE,1,,
731,2026-09-12T13:10:31+00:00,House Crow,0.9762351512908936,100,0.010137285352790357,CONFIRMED,1,/app/python/spectrograms/731_House_Crow.png,"{""mfcc_mean"": [-571.8428344726562, 143.0000762939453, 19.412824630737305, 9.749512672424316, 20.7161808013916, 7.814424514770508, 18.94423484802246, 12.072636604309082, -2.96724796295166, 12.110922813415527, 1.8136636018753052, 7.790128231048584, -2.6357240676879883], ""mfcc_std"": [64.99642181396484, 11.59962272644043, 41.23577117919922, 13.444579124450684, 14.689630508422852, 12.84024715423584, 9.059964179992676, 5.578491687774658, 8.947383880615234, 5.755815505981445, 7.465066909790039, 6.142423629760742, 4.597043037414551], ""spectral_centroid_mean"": 2710.788630422085, ""spectral_bandwidth_mean"": 4920.365893723121, ""spectral_rolloff_mean"": 5396.027260638298, ""zero_crossing_rate_mean"": 0.029811128656914893, ""rms_mean"": 0.005001950077712536, ""spectral_flatness_mean"": 0.0014757356839254498}"
732,2026-09-12T13:10:58+00:00,House Crow,0.8216371536254883,100,0.010489179074050213,CANDIDATE,1,,
733,2026-09-12T13:11:00+00:00,House Crow,0.9456166625022888,100,0.010577846338640163,CANDIDATE,1,,
734,2026-09-12T13:11:00+00:00,House Crow,0.9456166625022888,100,0.010577846338640163,CONFIRMED,1,/app/python/spectrograms/734_House_Crow.png,"{""mfcc_mean"": [-550.2039794921875, 144.85723876953125, 2.5178287029266357, 21.00261116027832, 25.77003288269043, -2.161320447921753, 17.505645751953125, 11.027592658996582, -12.104682922363281, 5.419869899749756, -1.380602240562439, 6.9970011711120605, -2.0555808544158936], ""mfcc_std"": [69.8365478515625, 14.536979675292969, 35.2276496887207, 21.488162994384766, 23.16550636291504, 14.665203094482422, 8.820180892944336, 8.866471290588379, 10.740111351013184, 7.925248622894287, 8.6294584274292, 6.889684677124023, 5.526706218719482], ""spectral_centroid_mean"": 2696.4899463537304, ""spectral_bandwidth_mean"": 4500.730787959849, ""spectral_rolloff_mean"": 4944.23204787234, ""zero_crossing_rate_mean"": 0.03763921210106383, ""rms_mean"": 0.005353898741304874, ""spectral_flatness_mean"": 0.0022364521864801645}"
735,2026-09-12T13:11:04+00:00,House Crow,0.9922693967819214,100,0.010067121091057072,CANDIDATE,1,,
736,2026-09-12T13:11:06+00:00,House Crow,0.957345724105835,100,0.010024277638873811,CANDIDATE,1,,
737,2026-09-12T13:11:15+00:00,House Crow,0.9659693241119385,100,0.013136982647558332,CANDIDATE,1,,
738,2026-09-12T13:11:16+00:00,House Crow,0.97550368309021,100,0.012997473273540186,CANDIDATE,1,,
739,2026-09-12T13:11:16+00:00,House Crow,0.97550368309021,100,0.012997473273540186,CONFIRMED,1,/app/python/spectrograms/739_House_Crow.png,"{""mfcc_mean"": [-533.9210205078125, 146.2520294189453, -4.42960786819458, 11.501953125, 19.52259635925293, 2.9079291820526123, 23.202720642089844, 15.24527645111084, -4.496209621429443, 10.105193138122559, -1.399214506149292, 9.7520170211792, -2.64593243598938], ""mfcc_std"": [84.60486602783203, 21.78928565979004, 40.60001754760742, 22.812238693237305, 22.328588485717773, 19.668601989746094, 10.104405403137207, 6.290787696838379, 8.73100471496582, 7.350707530975342, 7.836257457733154, 9.489130020141602, 6.108914375305176], ""spectral_centroid_mean"": 2847.804940979647, ""spectral_bandwidth_mean"": 4501.885776250574, ""spectral_rolloff_mean"": 5616.771941489362, ""zero_crossing_rate_mean"": 0.042589552859042555, ""rms_mean"": 0.0072053223848342896, ""spectral_flatness_mean"": 0.002631270792335272}"
740,2026-09-12T13:11:31+00:00,House Crow,0.9375202655792236,100,0.013832285124539502,CANDIDATE,1,,
741,2026-09-12T13:11:33+00:00,House Crow,0.9574050903320312,100,0.0142067794866389,CANDIDATE,1,,
742,2026-09-12T13:11:33+00:00,House Crow,0.9574050903320312,100,0.0142067794866389,CONFIRMED,1,/app/python/spectrograms/742_House_Crow.png,"{""mfcc_mean"": [-543.3304443359375, 144.67611694335938, 0.9644606709480286, 13.615854263305664, 16.478971481323242, -2.5589964389801025, 18.169340133666992, 12.525263786315918, -3.135035514831543, 15.250167846679688, 6.637927532196045, 15.305500984191895, 3.7770490646362305], ""mfcc_std"": [81.23844909667969, 14.018827438354492, 46.900848388671875, 26.449256896972656, 23.20140266418457, 16.850704193115234, 9.079028129577637, 9.006743431091309, 8.293956756591797, 6.427998065948486, 7.04736328125, 7.381414413452148, 6.123984336853027], ""spectral_centroid_mean"": 2522.44689677124, ""spectral_bandwidth_mean"": 4403.757691695317, ""spectral_rolloff_mean"": 4549.867021276596, ""zero_crossing_rate_mean"": 0.03166729000443262, ""rms_mean"": 0.007845491170883179, ""spectral_flatness_mean"": 0.0012839068658649921}"
743,2026-09-12T13:11:34+00:00,House Crow,0.9828938841819763,100,0.01025861806894864,CANDIDATE,1,,
744,2026-09-12T13:11:36+00:00,House Crow,0.9551041126251221,100,0.012749984345791054,CANDIDATE,1,,
745,2026-09-12T13:11:37+00:00,House Crow,0.9875274300575256,100,0.01262222552662872,CANDIDATE,1,,
746,2026-09-12T13:11:40+00:00,House Crow,0.9852970242500305,100,0.012666962303618369,CANDIDATE,1,,
747,2026-09-12T13:11:42+00:00,House Crow,0.984984278678894,100,0.012346380236342519,CANDIDATE,1,,
748,2026-09-12T13:11:46+00:00,House Crow,0.8797829151153564,100,0.010042385052053649,CANDIDATE,1,,
749,2026-09-12T13:11:46+00:00,House Crow,0.984984278678894,100,0.010042385052053649,CONFIRMED,1,/app/python/spectrograms/749_House_Crow.png,"{""mfcc_mean"": [-574.5088500976562, 132.2430419921875, 8.96765422821045, 24.955562591552734, 23.75584602355957, -4.49473237991333, 20.96391487121582, 16.10533905029297, -5.056955814361572, 13.52020263671875, 0.3562847077846527, 8.780003547668457, -1.730286955833435], ""mfcc_std"": [70.15465545654297, 20.277509689331055, 33.57172775268555, 19.44944953918457, 19.693668365478516, 13.272409439086914, 8.713348388671875, 5.399666786193848, 5.334733963012695, 8.976617813110352, 9.428056716918945, 6.342710971832275, 5.40114688873291], ""spectral_centroid_mean"": 3133.8717405382695, ""spectral_bandwidth_mean"": 4997.15171467213, ""spectral_rolloff_mean"": 6726.978058510638, ""zero_crossing_rate_mean"": 0.03743143284574468, ""rms_mean"": 0.005266961175948381, ""spectral_flatness_mean"": 0.0035413377918303013}"
750,2026-09-12T13:11:48+00:00,House Crow,0.9624332785606384,100,0.013036388864145708,CANDIDATE,1,,
751,2026-09-12T13:11:49+00:00,House Crow,0.9391362071037292,100,0.013629276803925167,CANDIDATE,1,,
752,2026-09-12T13:11:51+00:00,House Crow,0.7944115400314331,100,0.02384880950082218,CANDIDATE,1,,
753,2026-09-12T13:11:52+00:00,House Crow,0.6855858564376831,100,0.03254197316319895,CANDIDATE,1,,
754,2026-09-12T13:11:54+00:00,House Crow,0.822755753993988,100,0.02616110394246645,CANDIDATE,1,,
755,2026-09-12T13:11:55+00:00,House Crow,0.9174346923828125,100,0.014309444099535933,CANDIDATE,1,,
756,2026-09-12T13:11:57+00:00,House Crow,0.9286543130874634,100,0.015303184419218645,CANDIDATE,1,,
757,2026-09-12T13:11:58+00:00,House Crow,0.9388831257820129,100,0.011533446609294649,CANDIDATE,1,,
758,2026-09-12T13:11:58+00:00,House Crow,0.9388831257820129,100,0.011533446609294649,CONFIRMED,1,/app/python/spectrograms/758_House_Crow.png,"{""mfcc_mean"": [-509.2460021972656, 172.7255859375, 7.366329669952393, 5.565567493438721, 30.167470932006836, 6.585857391357422, 23.17890739440918, 12.30077075958252, -8.42394733428955, 8.32509994506836, -5.469442367553711, 10.857439994812012, -4.3091206550598145], ""mfcc_std"": [49.70296096801758, 13.102883338928223, 32.54199981689453, 15.78636360168457, 17.007646560668945, 12.688570022583008, 10.929476737976074, 7.421350955963135, 6.54837703704834, 6.346065521240234, 6.289691925048828, 7.528995037078857, 5.514052867889404], ""spectral_centroid_mean"": 1992.3002643724317, ""spectral_bandwidth_mean"": 4048.0084733708964, ""spectral_rolloff_mean"": 2898.686835106383, ""zero_crossing_rate_mean"": 0.022118101728723406, ""rms_mean"": 0.008909100666642189, ""spectral_flatness_mean"": 0.0006036324775777757}"
759,2026-09-12T13:12:03+00:00,House Crow,0.9682222604751587,100,0.012052771228408334,CANDIDATE,1,,
760,2026-09-12T13:12:04+00:00,House Crow,0.9749497175216675,100,0.011877169255985793,CANDIDATE,1,,
761,2026-09-12T13:12:06+00:00,House Crow,0.9859833121299744,100,0.011757846402627444,CANDIDATE,1,,
762,2026-09-12T13:12:07+00:00,House Crow,0.9770540595054626,100,0.010847790111274739,CANDIDATE,1,,
763,2026-09-12T13:12:09+00:00,House Crow,0.9738264083862305,100,0.011593190290449282,CANDIDATE,1,,
764,2026-09-12T13:12:10+00:00,House Crow,0.9568608999252319,100,0.012842628081050866,CANDIDATE,1,,
765,2026-09-12T13:12:10+00:00,House Crow,0.9738264083862305,100,0.012842628081050866,CONFIRMED,1,/app/python/spectrograms/765_House_Crow.png,"{""mfcc_mean"": [-550.843505859375, 142.05540466308594, -7.296213626861572, 9.195953369140625, 27.36741828918457, 0.03438616916537285, 7.615753650665283, 16.436861038208008, 3.8116142749786377, 4.963826656341553, -4.072948455810547, 16.272117614746094, 3.8356449604034424], ""mfcc_std"": [88.78624725341797, 20.192317962646484, 50.52206802368164, 24.35312271118164, 31.073816299438477, 18.057405471801758, 19.29608726501465, 10.755011558532715, 12.214178085327148, 11.084932327270508, 11.285717964172363, 12.456652641296387, 9.007081985473633], ""spectral_centroid_mean"": 2928.0123455930093, ""spectral_bandwidth_mean"": 4274.05091067906, ""spectral_rolloff_mean"": 5193.234707446809, ""zero_crossing_rate_mean"": 0.06676986369680851, ""rms_mean"": 0.0072455331683158875, ""spectral_flatness_mean"": 0.00168626441154629}"
766,2026-09-12T13:12:15+00:00,House Crow,0.9608278870582581,100,0.013038720736558275,CANDIDATE,1,,
767,2026-09-12T13:12:16+00:00,House Crow,0.9643195271492004,100,0.013041937869715211,CANDIDATE,1,,
768,2026-09-12T13:12:18+00:00,House Crow,0.9682932496070862,100,0.011117803713025506,CANDIDATE,1,,
769,2026-09-12T13:12:19+00:00,House Crow,0.9673042893409729,100,0.012034763021217351,CANDIDATE,1,,
770,2026-09-12T13:12:21+00:00,House Crow,0.9876773953437805,100,0.01258204058817535,CANDIDATE,1,,
771,2026-09-12T13:12:30+00:00,House Crow,0.9648113250732422,100,0.012131891762047362,CANDIDATE,1,,
772,2026-09-12T13:12:30+00:00,House Crow,0.9876773953437805,100,0.012131891762047362,CONFIRMED,1,/app/python/spectrograms/772_House_Crow.png,"{""mfcc_mean"": [-553.3236083984375, 146.1317596435547, 6.260426998138428, 0.238844633102417, 10.53734302520752, 4.764621734619141, 21.605876922607422, 14.28738784790039, -0.4549941420555115, 10.841130256652832, 1.1416187286376953, 9.95884895324707, 0.34342160820961], ""mfcc_std"": [86.61875915527344, 17.29953956604004, 48.73248291015625, 19.114952087402344, 20.002901077270508, 11.615952491760254, 10.051962852478027, 6.636815547943115, 8.214341163635254, 5.888845920562744, 7.575628280639648, 9.647111892700195, 6.506205081939697], ""spectral_centroid_mean"": 2817.3709472727987, ""spectral_bandwidth_mean"": 4762.657670270663, ""spectral_rolloff_mean"": 5774.434840425532, ""zero_crossing_rate_mean"": 0.0359873670212766, ""rms_mean"": 0.00655031343922019, ""spectral_flatness_mean"": 0.001728730509057641}"
773,2026-09-12T13:12:32+00:00,House Crow,0.9728895425796509,100,0.012027683602208362,CANDIDATE,1,,
774,2026-09-12T13:12:33+00:00,House Crow,0.9592339396476746,100,0.01092385098944306,CANDIDATE,1,,
775,2026-09-12T13:12:34+00:00,House Crow,0.9333580732345581,100,0.013278234253024369,CANDIDATE,1,,
776,2026-09-12T13:12:36+00:00,House Crow,0.9508848190307617,100,0.013522169052085397,CANDIDATE,1,,
777,2026-09-12T13:12:40+00:00,House Crow,0.9818319082260132,100,0.011788462972228613,CANDIDATE,1,,
778,2026-09-12T13:12:42+00:00,House Crow,0.9819477796554565,100,0.012070941292676099,CANDIDATE,1,,
779,2026-09-12T13:12:42+00:00,House Crow,0.9819477796554565,100,0.012070941292676099,CONFIRMED,1,/app/python/spectrograms/779_House_Crow.png,"{""mfcc_mean"": [-554.3719482421875, 151.91677856445312, 16.641632080078125, 4.671492576599121, 14.854092597961426, 8.29299259185791, 19.902917861938477, 8.471574783325195, -5.180839538574219, 9.177472114562988, -0.23393195867538452, 9.425152778625488, -0.10835447162389755], ""mfcc_std"": [84.43074035644531, 16.664634704589844, 52.348899841308594, 21.34467315673828, 19.237855911254883, 12.083722114562988, 10.475231170654297, 6.261457443237305, 8.194387435913086, 6.554139614105225, 7.25510835647583, 8.454858779907227, 6.2086005210876465], ""spectral_centroid_mean"": 2485.4031034179266, ""spectral_bandwidth_mean"": 4546.286051821552, ""spectral_rolloff_mean"": 4590.259308510638, ""zero_crossing_rate_mean"": 0.03210016345301418, ""rms_mean"": 0.006760776974260807, ""spectral_flatness_mean"": 0.0012021117145195603}"
780,2026-09-12T13:12:43+00:00,House Crow,0.9682874083518982,100,0.011910436749289188,CANDIDATE,1,,
781,2026-09-12T13:12:45+00:00,House Crow,0.9712892770767212,100,0.011282940611482363,CANDIDATE,1,,
782,2026-09-12T13:12:52+00:00,House Crow,0.9836615920066833,100,0.01140959557944628,CANDIDATE,1,,
783,2026-09-12T13:12:57+00:00,House Crow,0.9468302130699158,100,0.011262525104770112,CANDIDATE,1,,
784,2026-09-12T13:12:57+00:00,House Crow,0.9836615920066833,100,0.011262525104770112,CONFIRMED,1,/app/python/spectrograms/784_House_Crow.png,"{""mfcc_mean"": [-569.97265625, 133.66957092285156, 6.69605016708374, 0.7772008180618286, 7.767037868499756, 4.447474002838135, 17.543508529663086, 6.927027702331543, -5.398344039916992, 6.203439712524414, 1.256885051727295, 10.116130828857422, 0.662716805934906], ""mfcc_std"": [92.22085571289062, 23.712799072265625, 53.27386474609375, 25.865482330322266, 25.885610580444336, 11.710906982421875, 14.004389762878418, 8.161370277404785, 10.48452377319336, 7.947928428649902, 11.197783470153809, 9.592996597290039, 5.887282371520996], ""spectral_centroid_mean"": 3407.573962060449, ""spectral_bandwidth_mean"": 5078.939539958949, ""spectral_rolloff_mean"": 8738.447473404256, ""zero_crossing_rate_mean"": 0.05210584275265957, ""rms_mean"": 0.005613276269286871, ""spectral_flatness_mean"": 0.004257390275597572}"
785,2026-09-12T13:12:59+00:00,House Crow,0.9495043754577637,100,0.010755669916945487,CANDIDATE,1,,
786,2026-09-12T13:13:00+00:00,House Crow,0.8124577403068542,100,0.011823673316980437,CANDIDATE,1,,
787,2026-09-12T13:13:01+00:00,House Crow,0.7983813285827637,100,0.011202460713747473,CANDIDATE,1,,
788,2026-09-12T13:13:07+00:00,House Crow,0.9936612844467163,100,0.011088043564933661,CANDIDATE,1,,
789,2026-09-12T13:13:07+00:00,House Crow,0.9936612844467163,100,0.011088043564933661,CONFIRMED,1,/app/python/spectrograms/789_House_Crow.png,"{""mfcc_mean"": [-556.4832763671875, 146.1932830810547, -1.3120191097259521, 4.072953224182129, 18.880704879760742, 0.2913692891597748, 15.630684852600098, 14.910959243774414, 1.3119432926177979, 6.23310661315918, -4.696976661682129, 17.138668060302734, 3.3291919231414795], ""mfcc_std"": [86.03771209716797, 19.300716400146484, 49.194557189941406, 20.46053695678711, 32.38983917236328, 11.892327308654785, 20.95460319519043, 8.464736938476562, 14.77336597442627, 9.151657104492188, 14.148456573486328, 10.737587928771973, 6.462543487548828], ""spectral_centroid_mean"": 2927.559287543112, ""spectral_bandwidth_mean"": 4467.14762099907, ""spectral_rolloff_mean"": 5345.910904255319, ""zero_crossing_rate_mean"": 0.06094858156028369, ""rms_mean"": 0.00649617426097393, ""spectral_flatness_mean"": 0.0017743833595886827}"
790,2026-09-12T13:13:09+00:00,House Crow,0.9773193001747131,100,0.01099258780233913,CANDIDATE,1,,
791,2026-09-12T13:13:16+00:00,House Crow,0.8886235356330872,100,0.01090302535727507,CANDIDATE,1,,
792,2026-09-12T13:13:19+00:00,House Crow,0.9680595993995667,100,0.010604977476392184,CANDIDATE,1,,
793,2026-09-12T13:13:21+00:00,House Crow,0.9725242257118225,100,0.012932879672525542,CANDIDATE,1,,
794,2026-09-12T13:13:21+00:00,House Crow,0.9725242257118225,100,0.012932879672525542,CONFIRMED,1,/app/python/spectrograms/794_House_Crow.png,"{""mfcc_mean"": [-563.310302734375, 153.1952362060547, 13.409483909606934, 2.8424763679504395, 23.08710289001465, 11.54624080657959, 26.848209381103516, 13.633926391601562, 0.17992958426475525, 14.607617378234863, 3.825763702392578, 15.194255828857422, 1.1797692775726318], ""mfcc_std"": [71.3692855834961, 26.998336791992188, 47.509849548339844, 26.60188865661621, 15.07132625579834, 11.086248397827148, 16.268741607666016, 6.338817119598389, 8.291155815124512, 8.463057518005371, 9.249211311340332, 8.627670288085938, 5.692553520202637], ""spectral_centroid_mean"": 2316.6548420873723, ""spectral_bandwidth_mean"": 4327.209050647089, ""spectral_rolloff_mean"": 4286.984707446809, ""zero_crossing_rate_mean"": 0.027939383865248225, ""rms_mean"": 0.008221876807510853, ""spectral_flatness_mean"": 0.0008379014325328171}"
795,2026-09-12T13:13:23+00:00,House Crow,0.9506615400314331,100,0.010289900520101175,CANDIDATE,1,,
796,2026-09-12T13:13:43+00:00,House Crow,0.937687337398529,100,0.010471400306979623,CANDIDATE,1,,
797,2026-09-12T13:15:21+00:00,White-browed Wagtail,0.023963406682014465,100,0.010947358772480405,LOW_CONFIDENCE,0,,
798,2026-09-12T13:15:22+00:00,Red-vented Bulbul,0.15266744792461395,100,0.02383782591973921,CANDIDATE,1,,
799,2026-09-12T13:15:24+00:00,Austral Thrush,0.09108168631792068,100,0.02281555886311508,NON_WHITELISTED,0,,
800,2026-09-12T13:15:24+00:00,Red-vented Bulbul,0.15266744792461395,100,0.02281555886311508,CONFIRMED,1,/app/python/spectrograms/800_Red-vented_Bulbul.png,"{""mfcc_mean"": [-532.9221801757812, 155.4072265625, 49.59115982055664, 14.557621002197266, 24.0432186126709, 16.81815528869629, 16.470256805419922, 13.19446086883545, 7.611294269561768, 6.648146629333496, 0.7065382599830627, 9.665016174316406, 10.888213157653809], ""mfcc_std"": [27.004474639892578, 19.492483139038086, 13.664653778076172, 13.903105735778809, 13.197308540344238, 7.299237251281738, 9.602911949157715, 7.741401195526123, 10.99343204498291, 7.163322925567627, 9.413901329040527, 6.265950679779053, 6.255578994750977], ""spectral_centroid_mean"": 1504.1109941580175, ""spectral_bandwidth_mean"": 3714.2521719027013, ""spectral_rolloff_mean"": 2271.3597074468084, ""zero_crossing_rate_mean"": 0.008955285904255319, ""rms_mean"": 0.01729755848646164, ""spectral_flatness_mean"": 0.0003306395374238491}"
801,2026-09-12T13:15:26+00:00,Red-winged Blackbird,0.03162515535950661,100,0.01178466520170484,LOW_CONFIDENCE,0,,
802,2026-09-12T13:17:45+00:00,Spot-breasted Fantail,0.033922769129276276,100,0.012881353060280137,LOW_CONFIDENCE,0,,
803,2026-09-12T13:17:46+00:00,Red-vented Bulbul,0.04881183058023453,100,0.023258242568437466,LOW_CONFIDENCE,1,,
804,2026-09-12T13:17:48+00:00,Shikra,0.03270178660750389,100,0.020449008830826464,LOW_CONFIDENCE,0,,
805,2026-09-12T13:18:00+00:00,Great Bittern,0.06895928829908371,100,0.012691189715638353,NON_WHITELISTED,0,,
806,2026-09-12T13:19:57+00:00,Blacksmith Thrush,0.09165740013122559,100,0.01055859553330585,NON_WHITELISTED,0,,
807,2026-09-12T13:19:59+00:00,Austral Pygmy-Owl,0.03259171172976494,100,0.010668444837747917,LOW_CONFIDENCE,0,,
808,2026-09-12T13:20:45+00:00,Shikra,0.2089022994041443,100,0.01063368678251746,NON_WHITELISTED,0,,
809,2026-09-12T13:20:46+00:00,Shikra,0.13269443809986115,100,0.010275139313949702,NON_WHITELISTED,0,,
810,2026-09-12T13:20:46+00:00,Red-vented Bulbul,0.1025230884552002,100,0.010275139313949702,CONFIRMED,1,/app/python/spectrograms/810_Red-vented_Bulbul.png,"{""mfcc_mean"": [-558.98828125, 157.09710693359375, 22.483888626098633, -5.532480716705322, 5.159031867980957, -11.148280143737793, -2.5389580726623535, 3.751359701156616, -2.2235145568847656, 3.823148250579834, 5.548887729644775, 13.210318565368652, 2.733928680419922], ""mfcc_std"": [60.00766372680664, 42.49759292602539, 21.227561950683594, 22.025012969970703, 21.2860050201416, 12.252540588378906, 16.482200622558594, 8.872026443481445, 11.4707612991333, 13.512422561645508, 9.943086624145508, 10.517419815063477, 8.351279258728027], ""spectral_centroid_mean"": 2710.4094159298406, ""spectral_bandwidth_mean"": 4493.300143599477, ""spectral_rolloff_mean"": 5276.429521276596, ""zero_crossing_rate_mean"": 0.045858613142730494, ""rms_mean"": 0.005125482566654682, ""spectral_flatness_mean"": 0.0024708788841962814}"
811,2026-09-12T13:20:57+00:00,Mottled Wood-Owl,0.10068345069885254,100,0.012340793374571371,NON_WHITELISTED,0,,
812,2026-09-12T13:20:59+00:00,Mottled Wood-Owl,0.3124558627605438,100,0.012331233226099943,NON_WHITELISTED,0,,
813,2026-09-12T13:21:05+00:00,Shikra,0.02383553422987461,100,0.010114578543725859,LOW_CONFIDENCE,0,,
814,2026-09-12T13:21:06+00:00,Human vocal,0.08723582327365875,100,0.010109087616261087,NON_WHITELISTED,0,,
815,2026-09-12T13:21:33+00:00,West Peruvian Dove,0.09072227030992508,100,0.01014485423982758,NON_WHITELISTED,0,,
816,2026-09-12T13:21:34+00:00,Rook,0.1786402016878128,100,0.010366487905193355,NON_WHITELISTED,0,,
817,2026-09-12T13:22:20+00:00,Austral Pygmy-Owl,0.08947277814149857,100,0.010253488806196889,NON_WHITELISTED,0,,
818,2026-09-12T13:22:28+00:00,House Crow,0.06357507407665253,100,0.010384239232441883,CANDIDATE,1,,
819,2026-09-12T13:22:31+00:00,House Crow,0.037092529237270355,100,0.010193772454506901,LOW_CONFIDENCE,1,,
820,2026-09-12T13:22:45+00:00,Red-tailed Black-Cockatoo,0.08010659366846085,100,0.05677882785060476,NON_WHITELISTED,0,,
821,2026-09-12T13:22:47+00:00,Red-tailed Black-Cockatoo,0.47329431772232056,100,0.07680404277253125,NON_WHITELISTED,0,,
822,2026-09-12T13:22:48+00:00,Chilean Mockingbird,0.03884873539209366,100,0.05246015541923783,LOW_CONFIDENCE,0,,
823,2026-09-12T13:22:50+00:00,House Crow,0.28381600975990295,100,0.01226264354925228,CANDIDATE,1,,
824,2026-09-12T13:22:51+00:00,Spotted Dove,0.058537278324365616,100,0.010404527436598272,CANDIDATE,1,,
825,2026-09-12T13:22:51+00:00,House Crow,0.28381600975990295,100,0.010404527436598272,CONFIRMED,1,/app/python/spectrograms/825_House_Crow.png,"{""mfcc_mean"": [-584.6998901367188, 137.1593017578125, 53.050960540771484, 28.499114990234375, 35.69489288330078, 11.069876670837402, 26.22943878173828, 13.475666046142578, -2.170527458190918, 16.739147186279297, 2.143901824951172, 13.808720588684082, -2.1427001953125], ""mfcc_std"": [30.71880340576172, 23.745237350463867, 16.018613815307617, 17.95023536682129, 7.5857157707214355, 14.578926086425781, 12.683423042297363, 6.124087333679199, 7.832957744598389, 5.42335319519043, 7.409587383270264, 5.54747200012207, 6.370837688446045], ""spectral_centroid_mean"": 2424.3662832279365, ""spectral_bandwidth_mean"": 4950.239247264169, ""spectral_rolloff_mean"": 6085.521941489362, ""zero_crossing_rate_mean"": 0.01672623005319149, ""rms_mean"": 0.008276494219899178, ""spectral_flatness_mean"": 0.0008997357217594981}"
826,2026-09-12T13:25:11+00:00,Ashy-crowned Sparrow-Lark,0.14660890400409698,100,0.027877180397066693,NON_WHITELISTED,0,,
827,2026-09-12T13:25:12+00:00,Engine,0.22707685828208923,100,0.029491629757438038,NON_WHITELISTED,0,,
828,2026-09-12T13:25:14+00:00,Engine,0.09750325232744217,100,0.012062118111572461,NON_WHITELISTED,0,,
829,2026-09-12T13:25:24+00:00,Great Bittern,0.27225688099861145,100,0.023241099986447127,NON_WHITELISTED,0,,
830,2026-09-12T13:25:26+00:00,Great Bittern,0.6900673508644104,100,0.024010280007246237,NON_WHITELISTED,0,,
831,2026-09-12T13:25:27+00:00,Pied Butcherbird,0.07353034615516663,100,0.015834955968893016,NON_WHITELISTED,0,,
832,2026-09-12T13:25:29+00:00,Great Bittern,0.02327316626906395,100,0.014528372511560347,LOW_CONFIDENCE,0,,
833,2026-09-12T13:25:32+00:00,Great Bittern,0.22159770131111145,100,0.012637209142926173,NON_WHITELISTED,0,,
834,2026-09-12T13:25:33+00:00,Eurasian Hoopoe,0.06001696735620499,100,0.015329540296477059,NON_WHITELISTED,0,,
835,2026-09-12T13:26:26+00:00,Great Bittern,0.05230572447180748,100,0.010166320143441914,NON_WHITELISTED,0,,
836,2026-09-12T13:26:27+00:00,Mallard,0.08203300088644028,100,0.014869180230233236,NON_WHITELISTED,0,,
837,2026-09-12T13:26:29+00:00,Red-breasted Nuthatch,0.08013866096735,100,0.014951537961659284,NON_WHITELISTED,0,,
838,2026-09-12T13:26:30+00:00,Indian Pied Starling,0.025763802230358124,100,0.010615313182891682,LOW_CONFIDENCE,0,,
839,2026-09-12T13:26:39+00:00,Little Raven,0.13170337677001953,100,0.011781007391646819,NON_WHITELISTED,0,,
840,2026-09-12T13:26:41+00:00,Mallard,0.15659750998020172,100,0.01036006521787642,NON_WHITELISTED,0,,
841,2026-09-12T13:26:44+00:00,Great Bittern,0.404619425535202,100,0.015751010690394886,NON_WHITELISTED,0,,
842,2026-09-12T13:26:45+00:00,Great Bittern,0.1992008537054062,100,0.016746451781482766,NON_WHITELISTED,0,,
843,2026-09-12T13:26:47+00:00,Great Bittern,0.23267333209514618,100,0.014870340117887583,NON_WHITELISTED,0,,
844,2026-09-12T13:26:48+00:00,Great Bittern,0.3063865303993225,100,0.014982258050891496,NON_WHITELISTED,0,,
845,2026-09-12T13:27:02+00:00,House Crow,0.30602291226387024,100,0.011102526678455757,CANDIDATE,1,,
846,2026-09-12T13:27:02+00:00,House Crow,0.30602291226387024,100,0.011102526678455757,CONFIRMED,1,/app/python/spectrograms/846_House_Crow.png,"{""mfcc_mean"": [-577.6226806640625, 152.73838806152344, 22.115375518798828, 18.40304946899414, 43.674896240234375, 17.78858757019043, 17.0606689453125, 6.800887584686279, -0.27241700887680054, 19.0279598236084, 1.7709085941314697, 10.370792388916016, -1.080106258392334], ""mfcc_std"": [39.189659118652344, 12.948445320129395, 42.13313293457031, 19.541086196899414, 13.499914169311523, 17.334739685058594, 17.442068099975586, 12.643985748291016, 13.133781433105469, 12.960421562194824, 15.491004943847656, 6.884178161621094, 7.90078592300415], ""spectral_centroid_mean"": 1747.9200034064443, ""spectral_bandwidth_mean"": 3655.430066229182, ""spectral_rolloff_mean"": 2147.855718085106, ""zero_crossing_rate_mean"": 0.028382646276595744, ""rms_mean"": 0.009290211834013462, ""spectral_flatness_mean"": 0.0005832563620060682}"
847,2026-09-12T13:27:18+00:00,Eastern Rosella,0.17408819496631622,100,0.010415378582955402,NON_WHITELISTED,0,,
848,2026-09-12T13:27:20+00:00,Himalayan Owl,0.16615331172943115,100,0.01054207321988866,NON_WHITELISTED,0,,
849,2026-09-12T13:27:20+00:00,Red-vented Bulbul,0.15557727217674255,100,0.01054207321988866,CONFIRMED,1,/app/python/spectrograms/849_Red-vented_Bulbul.png,"{""mfcc_mean"": [-576.6561279296875, 153.6596221923828, 43.806209564208984, 17.94156837463379, 25.202070236206055, 2.4100489616394043, 9.09729290008545, 12.643925666809082, 7.90880823135376, 11.649559020996094, -4.873207092285156, 3.0286619663238525, 3.4538278579711914], ""mfcc_std"": [34.17483901977539, 30.510683059692383, 19.08896827697754, 10.58686351776123, 12.867142677307129, 8.791622161865234, 8.667257308959961, 6.606234073638916, 11.849311828613281, 8.278117179870605, 8.433725357055664, 7.448845386505127, 10.228206634521484], ""spectral_centroid_mean"": 2023.9852884172037, ""spectral_bandwidth_mean"": 4286.005476803405, ""spectral_rolloff_mean"": 3483.4607712765956, ""zero_crossing_rate_mean"": 0.020705202792553192, ""rms_mean"": 0.00716897938400507, ""spectral_flatness_mean"": 0.0007347069913521409}"
850,2026-09-12T13:29:06+00:00,Little Egret,0.045134738087654114,100,0.0226162925813409,LOW_CONFIDENCE,0,,
851,2026-09-12T13:29:08+00:00,Great Bittern,0.24721434712409973,100,0.03839219730301148,NON_WHITELISTED,0,,
852,2026-09-12T13:29:09+00:00,Great Bittern,0.047623373568058014,100,0.0327205450115244,LOW_CONFIDENCE,0,,
853,2026-09-12T13:29:11+00:00,Shikra,0.04346843436360359,100,0.010036443998047616,LOW_CONFIDENCE,0,,
854,2026-09-12T13:29:20+00:00,Channel-billed Cuckoo,0.08041353523731232,100,0.01015848619919794,NON_WHITELISTED,0,,
855,2026-09-12T13:30:30+00:00,Australian Magpie,0.19663192331790924,100,0.01700920108671391,NON_WHITELISTED,0,,
856,2026-09-12T13:30:32+00:00,Australian Magpie,0.05519665405154228,100,0.015074813878873973,NON_WHITELISTED,0,,
857,2026-09-12T13:34:35+00:00,Chihuahuan Raven,0.07810576260089874,100,0.010156281583980643,NON_WHITELISTED,0,,
858,2026-09-12T13:34:39+00:00,Great Bittern,0.04191874712705612,100,0.02087975358372299,LOW_CONFIDENCE,0,,
859,2026-09-12T13:34:41+00:00,Great Bittern,0.1320556104183197,100,0.021067493019850916,NON_WHITELISTED,0,,
860,2026-09-12T13:36:41+00:00,Shikra,0.050762444734573364,100,0.010259429291812592,NON_WHITELISTED,0,,
861,2026-09-12T13:37:38+00:00,Great Bittern,0.8092693090438843,100,0.02586811967515085,NON_WHITELISTED,0,,
862,2026-09-12T13:37:39+00:00,Great Bittern,0.8618415594100952,100,0.026513113486226328,NON_WHITELISTED,0,,
863,2026-09-12T13:42:33+00:00,Shikra,0.099957175552845,100,0.011271853654482626,NON_WHITELISTED,0,,
864,2026-09-12T13:42:34+00:00,Engine,0.3029249906539917,100,0.01288911706380484,NON_WHITELISTED,0,,
865,2026-09-12T13:42:36+00:00,Shikra,0.06805505603551865,100,0.01241518659735412,NON_WHITELISTED,0,,
866,2026-09-12T13:43:01+00:00,Great Bittern,0.9337053894996643,100,0.017275443419310733,NON_WHITELISTED,0,,
867,2026-09-12T13:43:03+00:00,Great Bittern,0.9559246897697449,100,0.02138886708806493,NON_WHITELISTED,0,,
868,2026-09-12T13:43:04+00:00,Great Bittern,0.4515412747859955,100,0.013550671536437582,NON_WHITELISTED,0,,
869,2026-09-12T13:43:42+00:00,Great Bittern,0.025518221780657768,100,0.011114498027886463,LOW_CONFIDENCE,0,,
870,2026-09-12T13:43:45+00:00,Austral Pygmy-Owl,0.03843856230378151,100,0.021650835258756024,LOW_CONFIDENCE,0,,
871,2026-09-12T13:43:46+00:00,Austral Pygmy-Owl,0.06504848599433899,100,0.022511786986107427,NON_WHITELISTED,0,,
872,2026-09-12T13:46:16+00:00,Shikra,0.06459255516529083,100,0.012387188299890679,NON_WHITELISTED,0,,
873,2026-09-12T13:46:18+00:00,Engine,0.034208718687295914,100,0.049004491089717835,LOW_CONFIDENCE,0,,
874,2026-09-12T13:46:20+00:00,Engine,0.2428893744945526,100,0.09168393816949667,NON_WHITELISTED,0,,
875,2026-09-12T13:46:21+00:00,Engine,0.054063934832811356,100,0.09671094549770595,NON_WHITELISTED,0,,
876,2026-09-12T13:46:22+00:00,Shikra,0.02594464272260666,100,0.05741760560075815,LOW_CONFIDENCE,0,,
877,2026-09-12T13:46:24+00:00,Malaysian Plover,0.15788868069648743,100,0.0105565342386027,NON_WHITELISTED,0,,
878,2026-09-12T13:48:07+00:00,Shikra,0.08162380009889603,100,0.02051997296233499,NON_WHITELISTED,0,,
879,2026-09-12T13:48:09+00:00,Greater Coucal,0.05612169951200485,100,0.020844571912539973,CANDIDATE,1,,
880,2026-09-12T13:50:06+00:00,Great Bittern,0.10607441514730453,100,0.023667175895872042,NON_WHITELISTED,0,,
881,2026-09-12T13:50:07+00:00,Great Bittern,0.17414356768131256,100,0.02611573463622182,NON_WHITELISTED,0,,
882,2026-09-12T13:50:07+00:00,Red-vented Bulbul,0.132310152053833,100,0.02611573463622182,CONFIRMED,1,/app/python/spectrograms/882_Red-vented_Bulbul.png,"{""mfcc_mean"": [-546.6973876953125, 149.44287109375, 55.9039306640625, 26.395957946777344, 33.29757308959961, 21.36966323852539, 8.357250213623047, 10.85831356048584, 13.68619441986084, 8.311022758483887, 3.140347719192505, 6.575028896331787, 4.530015468597412], ""mfcc_std"": [28.228191375732422, 19.65750503540039, 25.936864852905273, 17.44403839111328, 18.0633602142334, 14.421419143676758, 17.356821060180664, 11.101370811462402, 18.632604598999023, 8.07241439819336, 12.588894844055176, 7.477822780609131, 12.16092586517334], ""spectral_centroid_mean"": 1339.4891055140554, ""spectral_bandwidth_mean"": 3304.591277978913, ""spectral_rolloff_mean"": 1748.9195478723404, ""zero_crossing_rate_mean"": 0.014203443594858155, ""rms_mean"": 0.019226301461458206, ""spectral_flatness_mean"": 0.0002496708184480667}"
883,2026-09-12T13:50:09+00:00,Red-vented Bulbul,0.294620156288147,100,0.0354370849141976,CANDIDATE,1,,
884,2026-09-12T13:50:10+00:00,Varied Thrush,0.07609687000513077,100,0.03695253260096066,NON_WHITELISTED,0,,
885,2026-09-12T13:50:12+00:00,Shikra,0.04554721340537071,100,0.03473287084958188,LOW_CONFIDENCE,0,,
886,2026-09-12T13:50:13+00:00,Tui,0.037287112325429916,100,0.05534925883967648,LOW_CONFIDENCE,0,,
887,2026-09-12T13:50:15+00:00,Great Cormorant,0.01985497772693634,100,0.07930718265543428,LOW_CONFIDENCE,0,,
888,2026-09-12T13:50:16+00:00,Engine,0.015010525472462177,100,0.06797066013303514,LOW_CONFIDENCE,0,,
889,2026-09-12T13:50:18+00:00,Engine,0.018648043274879456,100,0.024624623515465887,LOW_CONFIDENCE,0,,
890,2026-09-12T13:50:19+00:00,Grey Butcherbird,0.043259043246507645,100,0.017098885066598277,LOW_CONFIDENCE,0,,
891,2026-09-12T13:50:21+00:00,Black-crowned Night Heron,0.23612120747566223,100,0.013219871739466121,NON_WHITELISTED,0,,
892,2026-09-12T13:51:25+00:00,Human vocal,0.030630523338913918,100,0.011968982405990753,LOW_CONFIDENCE,0,,
893,2026-09-12T13:51:27+00:00,Eurasian Scops Owl,0.112416572868824,100,0.010558589778264247,NON_WHITELISTED,0,,
894,2026-09-12T13:54:45+00:00,Greater Flamingo,0.11558199673891068,100,0.027287899803065112,NON_WHITELISTED,0,,
895,2026-09-12T13:54:46+00:00,Dog,0.17366370558738708,100,0.028854374178894217,NON_WHITELISTED,0,,
896,2026-09-12T13:54:48+00:00,Dog,0.19648288190364838,100,0.019877094156447516,NON_WHITELISTED,0,,
897,2026-09-12T13:54:49+00:00,Great White Egret,0.10949476063251495,100,0.05291284614876132,NON_WHITELISTED,0,,
898,2026-09-12T13:54:51+00:00,Engine,0.27043765783309937,100,0.07473253904973964,NON_WHITELISTED,0,,
899,2026-09-12T13:54:52+00:00,Human vocal,0.3355579674243927,100,0.08267741483134487,NON_WHITELISTED,0,,
900,2026-09-12T13:54:54+00:00,Engine,0.15325093269348145,100,0.07085060067150031,NON_WHITELISTED,0,,
901,2026-09-12T13:54:55+00:00,Dog,0.10562698543071747,100,0.03527198958382052,NON_WHITELISTED,0,,
902,2026-09-12T13:56:15+00:00,Great Bittern,0.1430976390838623,100,0.0142028767727793,NON_WHITELISTED,0,,
903,2026-09-12T13:56:16+00:00,Great Bittern,0.10148697346448898,100,0.027244593747982254,NON_WHITELISTED,0,,
904,2026-09-12T13:56:18+00:00,Great Bittern,0.6267027258872986,100,0.0243500970762369,NON_WHITELISTED,0,,
905,2026-09-12T13:56:34+00:00,Engine,0.18218712508678436,100,0.01434431905102576,NON_WHITELISTED,0,,
906,2026-09-12T13:56:36+00:00,Human non-vocal,0.2767848074436188,100,0.03984083317520197,NON_WHITELISTED,0,,
907,2026-09-12T13:56:37+00:00,Dog,0.3918772041797638,100,0.044384428153241784,NON_WHITELISTED,0,,
908,2026-09-12T13:56:39+00:00,Engine,0.08639290928840637,100,0.04163965918585712,NON_WHITELISTED,0,,
909,2026-09-12T13:56:40+00:00,Engine,0.342094361782074,100,0.07103604853922303,NON_WHITELISTED,0,,
910,2026-09-12T13:56:42+00:00,Engine,0.1365920752286911,100,0.07941158981751231,NON_WHITELISTED,0,,
911,2026-09-12T13:56:43+00:00,Human vocal,0.31069499254226685,100,0.0723765150297632,NON_WHITELISTED,0,,
912,2026-09-12T13:56:45+00:00,Engine,0.3069356381893158,100,0.05426888887988466,NON_WHITELISTED,0,,
913,2026-09-12T13:56:46+00:00,Dog,0.06541740149259567,100,0.015294628278777742,NON_WHITELISTED,0,,
914,2026-09-12T13:56:48+00:00,Dog,0.08521496504545212,100,0.012001651111903044,NON_WHITELISTED,0,,
915,2026-09-12T14:00:07+00:00,Great Bittern,0.7271823287010193,100,0.01065201303876247,NON_WHITELISTED,0,,
916,2026-09-12T14:01:01+00:00,Jerdon's Bushlark,0.030265003442764282,100,0.022913602484532086,LOW_CONFIDENCE,0,,
917,2026-09-12T14:01:03+00:00,Engine,0.07492350041866302,100,0.023495249824928326,NON_WHITELISTED,0,,
918,2026-09-12T14:01:07+00:00,Barn Owl,0.01862974837422371,100,0.014566499285227307,LOW_CONFIDENCE,0,,
919,2026-09-12T14:01:09+00:00,Great Bittern,0.030883781611919403,100,0.034732725582220014,LOW_CONFIDENCE,0,,
920,2026-09-12T14:01:10+00:00,Engine,0.02888021059334278,100,0.03200655144509909,LOW_CONFIDENCE,0,,
921,2026-09-12T14:01:34+00:00,Great Bittern,0.05722131207585335,100,0.011872901089892161,NON_WHITELISTED,0,,
922,2026-09-12T14:04:34+00:00,Greater Flamingo,0.01858753338456154,100,0.012800748852735104,LOW_CONFIDENCE,0,,
923,2026-09-12T14:04:36+00:00,Little Grassbird,0.034701865166425705,100,0.012880552118224019,LOW_CONFIDENCE,0,,
924,2026-09-12T14:08:16+00:00,Laughing Dove,0.102920301258564,100,0.015331519946227957,NON_WHITELISTED,0,,
925,2026-09-12T14:08:18+00:00,Engine,0.04902994632720947,100,0.016340832717876442,LOW_CONFIDENCE,0,,
926,2026-09-12T14:08:21+00:00,Great Bittern,0.14717818796634674,100,0.010781727952876387,NON_WHITELISTED,0,,
927,2026-09-12T14:08:24+00:00,Great Bittern,0.07983891665935516,100,0.011268814952142605,NON_WHITELISTED,0,,
928,2026-09-12T14:15:16+00:00,White-browed Wagtail,0.05713173747062683,100,0.01864519761020762,NON_WHITELISTED,0,,
929,2026-09-12T14:15:18+00:00,Shikra,0.04007085785269737,100,0.019312322959953,LOW_CONFIDENCE,0,,
930,2026-09-12T14:16:30+00:00,Red-vented Bulbul,0.0509759858250618,100,0.010394131457915113,CANDIDATE,1,,
931,2026-09-12T14:19:27+00:00,Great Bittern,0.4337482452392578,100,0.017181839445069663,NON_WHITELISTED,0,,
932,2026-09-12T14:19:28+00:00,Great Bittern,0.08371002227067947,100,0.019759749348867196,NON_WHITELISTED,0,,
933,2026-09-12T14:19:30+00:00,Austral Pygmy-Owl,0.07193580269813538,100,0.013437509934365564,NON_WHITELISTED,0,,
934,2026-09-12T14:19:51+00:00,Ryukyu Scops Owl,0.04700283706188202,100,0.010712752489988972,LOW_CONFIDENCE,0,,
935,2026-09-12T14:19:52+00:00,Indian Scimitar-Babbler,0.398048996925354,100,0.01110255710528123,NON_WHITELISTED,0,,
936,2026-09-12T14:19:54+00:00,Human vocal,0.023219797760248184,100,0.03151476651867235,LOW_CONFIDENCE,0,,
937,2026-09-12T14:19:55+00:00,Human vocal,0.21784375607967377,100,0.03517783825278188,NON_WHITELISTED,0,,
938,2026-09-12T14:19:57+00:00,Human vocal,0.1612938642501831,100,0.027361344923941107,NON_WHITELISTED,0,,
939,2026-09-12T14:19:58+00:00,Human vocal,0.36897435784339905,100,0.03011414636624804,NON_WHITELISTED,0,,
940,2026-09-12T14:20:00+00:00,Human vocal,0.05967345088720322,100,0.02383656424207943,NON_WHITELISTED,0,,
941,2026-09-12T14:20:01+00:00,Human vocal,0.0553562305867672,100,0.014306415212590826,NON_WHITELISTED,0,,
942,2026-09-12T14:20:03+00:00,Australian Magpie,0.042378462851047516,100,0.01324276236200792,LOW_CONFIDENCE,0,,
943,2026-09-12T14:20:04+00:00,Human vocal,0.03610633686184883,100,0.0131864173752894,LOW_CONFIDENCE,0,,
944,2026-09-12T14:20:06+00:00,Human vocal,0.07638823986053467,100,0.013191337791872763,NON_WHITELISTED,0,,
945,2026-09-12T14:20:07+00:00,Great Hornbill,0.13347890973091125,100,0.012428191614074335,NON_WHITELISTED,0,,
946,2026-09-12T14:20:09+00:00,Human vocal,0.062215227633714676,100,0.012086087923087819,NON_WHITELISTED,0,,
947,2026-09-12T14:20:10+00:00,Dog,0.10867870599031448,100,0.014755745080403044,NON_WHITELISTED,0,,
948,2026-09-12T14:20:12+00:00,Dog,0.1629999279975891,100,0.020056106787642733,NON_WHITELISTED,0,,
949,2026-09-12T14:20:13+00:00,Human vocal,0.20981231331825256,100,0.02363041248377995,NON_WHITELISTED,0,,
950,2026-09-12T14:20:15+00:00,Human vocal,0.20076073706150055,100,0.01988540860288541,NON_WHITELISTED,0,,
951,2026-09-12T14:20:16+00:00,Human vocal,0.6844826340675354,100,0.0153161098572968,NON_WHITELISTED,0,,
952,2026-09-12T14:20:18+00:00,Human vocal,0.1978653371334076,100,0.017790351451610075,NON_WHITELISTED,0,,
953,2026-09-12T14:20:19+00:00,Eurasian Scops Owl,0.05686107650399208,100,0.015280756567395108,NON_WHITELISTED,0,,
954,2026-09-12T14:20:21+00:00,Coppersmith Barbet,0.6103545427322388,100,0.01002759193268713,CANDIDATE,1,,
955,2026-09-12T14:20:37+00:00,Human vocal,0.1475776731967926,100,0.019254520707440204,NON_WHITELISTED,0,,
956,2026-09-12T14:20:39+00:00,Human vocal,0.3782322108745575,100,0.023853175209350003,NON_WHITELISTED,0,,
957,2026-09-12T14:20:40+00:00,Eurasian Scops Owl,0.14297166466712952,100,0.016189673639469188,NON_WHITELISTED,0,,
958,2026-09-12T14:20:42+00:00,Eurasian Scops Owl,0.03487993776798248,100,0.011363538364924448,LOW_CONFIDENCE,0,,
959,2026-09-12T14:20:43+00:00,Human vocal,0.05002292990684509,100,0.016333067265706765,NON_WHITELISTED,0,,
960,2026-09-12T14:20:45+00:00,Swan Goose,0.11005177348852158,100,0.016988621199564995,NON_WHITELISTED,0,,
961,2026-09-12T14:20:46+00:00,Eurasian Scops Owl,0.18356959521770477,100,0.013614901150771994,NON_WHITELISTED,0,,
962,2026-09-12T14:20:48+00:00,Human vocal,0.12143220007419586,100,0.014170819845522075,NON_WHITELISTED,0,,
963,2026-09-12T14:20:49+00:00,Human vocal,0.0802253782749176,100,0.019702350420730538,NON_WHITELISTED,0,,
964,2026-09-12T14:20:51+00:00,Human vocal,0.16791747510433197,100,0.020487879257918503,NON_WHITELISTED,0,,
965,2026-09-12T14:20:52+00:00,Australian Magpie,0.3509237766265869,100,0.014890768188500237,NON_WHITELISTED,0,,
966,2026-09-12T14:20:54+00:00,Australian Magpie,0.3407774567604065,100,0.012979792402984337,NON_WHITELISTED,0,,
967,2026-09-12T14:20:55+00:00,Swan Goose,0.07561188191175461,100,0.013328149023608451,NON_WHITELISTED,0,,
968,2026-09-12T14:20:57+00:00,Human vocal,0.18210867047309875,100,0.024107646045546563,NON_WHITELISTED,0,,
969,2026-09-12T14:20:58+00:00,Human vocal,0.42575111985206604,100,0.02880092375371782,NON_WHITELISTED,0,,
970,2026-09-12T14:21:00+00:00,Human vocal,0.42214134335517883,100,0.02723336996589429,NON_WHITELISTED,0,,
971,2026-09-12T14:21:01+00:00,Human vocal,0.07112102955579758,100,0.02287811833155908,NON_WHITELISTED,0,,
972,2026-09-12T14:21:03+00:00,Human vocal,0.1468665450811386,100,0.01228986334406959,NON_WHITELISTED,0,,
973,2026-09-12T14:21:04+00:00,Human vocal,0.1893642693758011,100,0.022293683835490612,NON_WHITELISTED,0,,
974,2026-09-12T14:21:06+00:00,Human vocal,0.6289718747138977,100,0.028795349366155215,NON_WHITELISTED,0,,
975,2026-09-12T14:21:07+00:00,Human vocal,0.33841198682785034,100,0.026284437578739474,NON_WHITELISTED,0,,
976,2026-09-12T14:21:09+00:00,Coppersmith Barbet,0.04218253865838051,100,0.018465095803046953,LOW_CONFIDENCE,1,,
977,2026-09-12T14:21:24+00:00,Engine,0.07225343585014343,100,0.013187618881291021,NON_WHITELISTED,0,,
978,2026-09-12T14:21:25+00:00,Dog,0.039834871888160706,100,0.02534395453213345,LOW_CONFIDENCE,0,,
979,2026-09-12T14:21:27+00:00,Human vocal,0.047337695956230164,100,0.030181502758290724,LOW_CONFIDENCE,0,,
980,2026-09-12T14:21:28+00:00,Plain-mantled Tit-Spinetail,0.07226215302944183,100,0.02855388751019553,NON_WHITELISTED,0,,
981,2026-09-12T14:21:30+00:00,Plain-mantled Tit-Spinetail,0.026307424530386925,100,0.023171614519211854,LOW_CONFIDENCE,0,,
982,2026-09-12T14:21:31+00:00,Rufous-and-white Wren,0.018828779458999634,100,0.014218365576240235,LOW_CONFIDENCE,0,,
983,2026-09-12T14:21:58+00:00,Austral Pygmy-Owl,0.029610758647322655,100,0.011545373214909716,LOW_CONFIDENCE,0,,
984,2026-09-12T14:22:00+00:00,Black-headed Ibis,0.0570087656378746,100,0.010532551433675963,NON_WHITELISTED,0,,
985,2026-09-12T14:23:16+00:00,Shikra,0.15291638672351837,100,0.013581986094183505,NON_WHITELISTED,0,,
986,2026-09-12T14:23:18+00:00,Shikra,0.16800540685653687,100,0.014499747940330371,NON_WHITELISTED,0,,
987,2026-09-12T14:23:18+00:00,Red-vented Bulbul,0.09751465171575546,100,0.014499747940330371,CONFIRMED,1,/app/python/spectrograms/987_Red-vented_Bulbul.png,"{""mfcc_mean"": [-530.2398681640625, 154.32577514648438, 4.624472618103027, 10.691176414489746, 25.0526065826416, -3.5987708568573, -1.2553223371505737, 10.378262519836426, 4.674010276794434, 0.6957492828369141, -9.376459121704102, -3.2253787517547607, -8.721136093139648], ""mfcc_std"": [44.48887252807617, 20.844919204711914, 29.644147872924805, 20.715030670166016, 9.106618881225586, 9.657316207885742, 20.869400024414062, 9.023695945739746, 17.835397720336914, 11.525903701782227, 10.759634017944336, 6.8072309494018555, 6.954291343688965], ""spectral_centroid_mean"": 2579.8794981014235, ""spectral_bandwidth_mean"": 4149.564368888653, ""spectral_rolloff_mean"": 3832.6961436170213, ""zero_crossing_rate_mean"": 0.05132840203900709, ""rms_mean"": 0.007246469147503376, ""spectral_flatness_mean"": 0.001611248473636806}"
988,2026-09-12T14:23:37+00:00,Three-wattled Bellbird,0.07922926545143127,100,0.028246291445238218,NON_WHITELISTED,0,,
989,2026-09-12T14:23:39+00:00,Common Goldeneye,0.08907002210617065,100,0.062205598814623446,NON_WHITELISTED,0,,
990,2026-09-12T14:23:40+00:00,Shikra,0.05286863446235657,100,0.0680139767619227,NON_WHITELISTED,0,,
991,2026-09-12T14:23:42+00:00,Great Bittern,0.13496609032154083,100,0.046302055266346204,NON_WHITELISTED,0,,
992,2026-09-12T14:23:43+00:00,Great Bittern,0.6956942677497864,100,0.03032630999676796,NON_WHITELISTED,0,,
993,2026-09-12T14:23:45+00:00,Chihuahuan Raven,0.06193344667553902,100,0.01791055094811329,NON_WHITELISTED,0,,
994,2026-09-12T14:24:30+00:00,Indian Scops Owl,0.05403532832860947,100,0.016106328647160408,NON_WHITELISTED,0,,
995,2026-09-12T14:24:32+00:00,Engine,0.017481936141848564,100,0.016384489822971693,LOW_CONFIDENCE,0,,
996,2026-09-12T14:26:12+00:00,Engine,0.07421441376209259,100,0.010624734376628515,NON_WHITELISTED,0,,
997,2026-09-12T14:26:13+00:00,Engine,0.07774115353822708,100,0.011102634213259995,NON_WHITELISTED,0,,
998,2026-09-12T14:30:18+00:00,Whooping Motmot,0.013883747160434723,100,0.010158029501091433,LOW_CONFIDENCE,0,,
999,2026-09-12T14:30:19+00:00,Shikra,0.03995802626013756,100,0.0112651832810202,LOW_CONFIDENCE,0,,
1000,2026-09-12T14:30:21+00:00,Great Bittern,0.13428154587745667,100,0.011067159504984022,NON_WHITELISTED,0,,
1001,2026-09-12T14:30:24+00:00,Engine,0.10209983587265015,100,0.010109317696211486,NON_WHITELISTED,0,,
1002,2026-09-12T14:31:25+00:00,Asian Koel,0.0961855873465538,100,0.011780547199035266,CANDIDATE,1,,
1003,2026-09-12T14:31:27+00:00,Common Myna,0.027809470891952515,100,0.02035819955569045,LOW_CONFIDENCE,1,,
1004,2026-09-12T14:31:28+00:00,Engine,0.03440986946225166,100,0.018515736575299473,LOW_CONFIDENCE,0,,
1005,2026-09-12T14:32:31+00:00,Pied Currawong,0.039791468530893326,100,0.020878923907780674,LOW_CONFIDENCE,0,,
1006,2026-09-12T14:32:33+00:00,Engine,0.0241291094571352,100,0.021113276668073895,LOW_CONFIDENCE,0,,
1007,2026-09-12T14:32:36+00:00,Great Bittern,0.40673184394836426,100,0.038469858562154374,NON_WHITELISTED,0,,
1008,2026-09-12T14:32:37+00:00,Great Bittern,0.03440793231129646,100,0.07904243021703541,LOW_CONFIDENCE,0,,
1009,2026-09-12T14:32:39+00:00,Little Grebe,0.0330192968249321,100,0.07059659143321656,LOW_CONFIDENCE,0,,
1010,2026-09-12T14:32:40+00:00,Clark's Grebe,0.07021345943212509,100,0.0176745159804215,NON_WHITELISTED,0,,
1011,2026-09-12T14:32:42+00:00,Engine,0.12549389898777008,100,0.01461053380700575,NON_WHITELISTED,0,,
1012,2026-09-12T14:32:43+00:00,Engine,0.07222402095794678,100,0.011391210684055932,NON_WHITELISTED,0,,
1013,2026-09-12T14:38:06+00:00,House Crow,0.05183098465204239,100,0.022537572170663885,CANDIDATE,1,,
1014,2026-09-12T14:38:07+00:00,Pied Currawong,0.036220990121364594,100,0.025012187563204002,LOW_CONFIDENCE,0,,
1015,2026-09-12T14:38:09+00:00,Barn Owl,0.03515620902180672,100,0.01647407782696384,LOW_CONFIDENCE,0,,
1016,2026-09-12T14:38:10+00:00,Great Bittern,0.0400971919298172,100,0.011810858395732092,LOW_CONFIDENCE,0,,
1017,2026-09-12T14:38:19+00:00,House Crow,0.03266146406531334,100,0.02037546042496581,LOW_CONFIDENCE,1,,
1018,2026-09-12T14:38:21+00:00,Red-vented Bulbul,0.07398752868175507,100,0.020422752409947863,CANDIDATE,1,,
1019,2026-09-12T14:40:21+00:00,Great Bittern,0.04536765068769455,100,0.011485267589702133,LOW_CONFIDENCE,0,,
1020,2026-09-12T14:40:22+00:00,Atlantic Canary,0.13060252368450165,100,0.011516915058648852,NON_WHITELISTED,0,,
1021,2026-09-12T14:40:51+00:00,Pied Currawong,0.17211824655532837,100,0.01607762392787671,NON_WHITELISTED,0,,
1022,2026-09-12T14:40:53+00:00,Great Bittern,0.7399217486381531,100,0.023671154177281085,NON_WHITELISTED,0,,
1023,2026-09-12T14:40:54+00:00,Great Bittern,0.6265757083892822,100,0.019898180490709842,NON_WHITELISTED,0,,
1024,2026-09-12T14:40:55+00:00,Great Bittern,0.1002335473895073,100,0.010192971368446511,NON_WHITELISTED,0,,
1025,2026-09-12T14:42:12+00:00,Great Bittern,0.10494104772806168,100,0.01331892447069255,NON_WHITELISTED,0,,
1026,2026-09-12T14:42:13+00:00,Great Bittern,0.08775588870048523,100,0.012860060698572406,NON_WHITELISTED,0,,
1027,2026-09-12T14:44:04+00:00,Barn Owl,0.05269872769713402,100,0.013828018222023479,NON_WHITELISTED,0,,
1028,2026-09-12T14:44:06+00:00,Great Bittern,0.09673365950584412,100,0.02985549303443147,NON_WHITELISTED,0,,
1029,2026-09-12T14:44:07+00:00,Engine,0.22406557202339172,100,0.0384224805134245,NON_WHITELISTED,0,,
1030,2026-09-12T14:44:09+00:00,Engine,0.08524854481220245,100,0.028480622600199117,NON_WHITELISTED,0,,
1031,2026-09-12T14:44:15+00:00,Engine,0.029332058504223824,100,0.017768456124422023,LOW_CONFIDENCE,0,,
1032,2026-09-12T14:44:16+00:00,Great Bittern,0.0913858488202095,100,0.024426827756259244,NON_WHITELISTED,0,,
1033,2026-09-12T14:44:18+00:00,Collared Scops Owl,0.04000062122941017,100,0.01869965296781412,LOW_CONFIDENCE,0,,
1034,2026-09-12T14:49:43+00:00,Magpie-lark,0.04065629839897156,100,0.011372483868780507,LOW_CONFIDENCE,0,,
1035,2026-09-12T14:49:45+00:00,Eurasian Scops Owl,0.022765997797250748,100,0.011895990995056805,LOW_CONFIDENCE,0,,
1036,2026-09-12T14:49:54+00:00,Great Bittern,0.4334458112716675,100,0.015038801526551699,NON_WHITELISTED,0,,
1037,2026-09-12T14:49:55+00:00,Great Bittern,0.21550361812114716,100,0.01816049128409264,NON_WHITELISTED,0,,
1038,2026-09-12T14:49:57+00:00,Great Bittern,0.251169353723526,100,0.011029887086444848,NON_WHITELISTED,0,,
1039,2026-09-12T14:50:48+00:00,Bare-throated Tiger-Heron,0.06146644055843353,100,0.010206335457885634,NON_WHITELISTED,0,,
1040,2026-09-12T14:50:49+00:00,Rusty-barred Owl,0.040534887462854385,100,0.010196266417418122,LOW_CONFIDENCE,0,,
1041,2026-09-12T14:54:52+00:00,Spotted Dove,0.08982884138822556,100,0.011844815372832886,CANDIDATE,1,,
1042,2026-09-12T14:54:54+00:00,Black Kite,0.029178332537412643,100,0.011894296684433191,LOW_CONFIDENCE,1,,
1043,2026-09-12T15:03:45+00:00,Jerdon's Bushlark,0.050661634653806686,100,0.011880940354951472,NON_WHITELISTED,0,,
1044,2026-09-12T15:03:46+00:00,Malaysian Plover,0.025847356766462326,100,0.011311486041414985,LOW_CONFIDENCE,0,,
1045,2026-09-12T15:05:55+00:00,Shikra,0.0888168066740036,100,0.011055455513419172,NON_WHITELISTED,0,,
1046,2026-09-12T15:05:57+00:00,Great Bittern,0.03176660090684891,100,0.020078712386166764,LOW_CONFIDENCE,0,,
1047,2026-09-12T15:05:58+00:00,Engine,0.09523075073957443,100,0.018962224446810012,NON_WHITELISTED,0,,
1048,2026-09-12T15:06:25+00:00,Yellow-naped Parrot,0.062075287103652954,100,0.028767240973321447,NON_WHITELISTED,0,,
1049,2026-09-12T15:06:27+00:00,Red Wattlebird,0.07008442282676697,100,0.03645283059773321,NON_WHITELISTED,0,,
1050,2026-09-12T15:06:28+00:00,Barn Owl,0.3106881082057953,100,0.022721461025225403,NON_WHITELISTED,0,,
1051,2026-09-12T15:07:13+00:00,Shikra,0.10056520998477936,100,0.010785084972443347,NON_WHITELISTED,0,,
1052,2026-09-12T15:07:15+00:00,Black Drongo,0.0505371019244194,100,0.011104119843669569,NON_WHITELISTED,0,,
1053,2026-09-12T15:10:10+00:00,Austral Pygmy-Owl,0.06764095276594162,100,0.010970938464253639,NON_WHITELISTED,0,,
1054,2026-09-12T15:10:12+00:00,Eurasian Scops Owl,0.06947537511587143,100,0.015400235450868672,NON_WHITELISTED,0,,
1055,2026-09-12T15:10:13+00:00,Rock Dove,0.07816656678915024,100,0.011421946164169576,NON_WHITELISTED,0,,
1056,2026-09-12T15:10:15+00:00,Engine,0.21403750777244568,100,0.029417728142358962,NON_WHITELISTED,0,,
1057,2026-09-12T15:10:16+00:00,Engine,0.2756347358226776,100,0.0306094394331222,NON_WHITELISTED,0,,
1058,2026-09-12T15:10:18+00:00,Black Drongo,0.04841481149196625,100,0.010301453934920346,LOW_CONFIDENCE,0,,
1059,2026-09-12T15:11:19+00:00,Red-vented Bulbul,0.07807741314172745,100,0.01332443319988084,CANDIDATE,1,,
1060,2026-09-12T15:11:21+00:00,Engine,0.06058421730995178,100,0.013748180184791963,NON_WHITELISTED,0,,
1061,2026-09-12T15:14:18+00:00,Great Bittern,0.7359418272972107,100,0.046614281508739246,NON_WHITELISTED,0,,
1062,2026-09-12T15:14:19+00:00,Great Bittern,0.6595550775527954,100,0.04667073104264916,NON_WHITELISTED,0,,
1063,2026-09-12T15:17:37+00:00,Rock Dove,0.03732423111796379,100,0.012213384517380459,LOW_CONFIDENCE,0,,
1064,2026-09-12T15:17:39+00:00,Rock Dove,0.043984513729810715,100,0.01590116327860731,LOW_CONFIDENCE,0,,
1065,2026-09-12T15:17:40+00:00,Austral Thrush,0.11312569677829742,100,0.010474910485994565,NON_WHITELISTED,0,,
1066,2026-09-12T15:20:16+00:00,Engine,0.2486390918493271,100,0.010414870253405421,NON_WHITELISTED,0,,
1067,2026-09-12T15:20:18+00:00,Engine,0.09172690659761429,100,0.010987584325563052,NON_WHITELISTED,0,,
1068,2026-09-12T15:24:45+00:00,Little Raven,0.042350634932518005,100,0.010324893613188888,LOW_CONFIDENCE,0,,
1069,2026-09-12T15:25:34+00:00,Barn Owl,0.09387573599815369,100,0.01771918462151633,NON_WHITELISTED,0,,
1070,2026-09-12T15:25:36+00:00,White-tipped Dove,0.053700316697359085,100,0.01847726403263758,NON_WHITELISTED,0,,
1071,2026-09-12T15:25:37+00:00,White-tipped Dove,0.058470889925956726,100,0.010164548268119297,NON_WHITELISTED,0,,
1072,2026-09-12T15:28:16+00:00,Malayan Night Heron,0.03339279815554619,100,0.014629458723775402,LOW_CONFIDENCE,0,,
1073,2026-09-12T15:28:18+00:00,Helmeted Curassow,0.14953182637691498,100,0.011149574615066986,NON_WHITELISTED,0,,
1074,2026-09-12T15:29:40+00:00,Human vocal,0.3987393081188202,100,0.011501672436555643,NON_WHITELISTED,0,,
1075,2026-09-12T15:29:42+00:00,Human vocal,0.3097665309906006,100,0.013772094977933929,NON_WHITELISTED,0,,
1076,2026-09-12T15:29:43+00:00,Human vocal,0.2493906468153,100,0.015635515728769114,NON_WHITELISTED,0,,
1077,2026-09-12T15:29:45+00:00,Human vocal,0.06702789664268494,100,0.013938489999415616,NON_WHITELISTED,0,,
1078,2026-09-12T15:29:46+00:00,Great Hornbill,0.12651920318603516,100,0.010583641586088025,NON_WHITELISTED,0,,
1079,2026-09-12T15:29:48+00:00,Human vocal,0.0907655730843544,100,0.01569544930013658,NON_WHITELISTED,0,,
1080,2026-09-12T15:29:49+00:00,Black Drongo,0.040201425552368164,100,0.014637699132680908,LOW_CONFIDENCE,0,,
1081,2026-09-12T15:29:54+00:00,Human vocal,0.42992210388183594,100,0.010700329371498174,NON_WHITELISTED,0,,
1082,2026-09-12T15:29:55+00:00,Human vocal,0.41446319222450256,100,0.014587394534691472,NON_WHITELISTED,0,,
1083,2026-09-12T15:29:57+00:00,Human vocal,0.5980314016342163,100,0.016211431158602203,NON_WHITELISTED,0,,
1084,2026-09-12T15:29:58+00:00,Human vocal,0.7221221327781677,100,0.014063241315987107,NON_WHITELISTED,0,,
1085,2026-09-12T15:30:00+00:00,Human vocal,0.19878420233726501,100,0.015727868444093393,NON_WHITELISTED,0,,
1086,2026-09-12T15:30:01+00:00,West Peruvian Dove,0.26457032561302185,100,0.01816845764657216,NON_WHITELISTED,0,,
1087,2026-09-12T15:30:03+00:00,Eared Dove,0.41532137989997864,100,0.014598408460284306,NON_WHITELISTED,0,,
1088,2026-09-12T15:32:04+00:00,Whooper Swan,0.09073816984891891,100,0.012633279004734677,NON_WHITELISTED,0,,
1089,2026-09-12T15:32:06+00:00,House Crow,0.37763217091560364,100,0.01565939969969635,CANDIDATE,1,,
1090,2026-09-12T15:32:08+00:00,House Crow,0.804531455039978,100,0.014528147035170556,CANDIDATE,1,,
1091,2026-09-12T15:32:08+00:00,House Crow,0.804531455039978,100,0.014528147035170556,CONFIRMED,1,/app/python/spectrograms/1091_House_Crow.png,"{""mfcc_mean"": [-525.0349731445312, 134.01223754882812, -32.18026351928711, 18.20716667175293, 14.923050880432129, -18.41377067565918, 28.477916717529297, 22.532791137695312, -15.563809394836426, 11.59514331817627, 12.07298469543457, 9.295414924621582, -4.622373104095459], ""mfcc_std"": [77.11036682128906, 21.834001541137695, 41.038421630859375, 31.776521682739258, 23.158905029296875, 24.400381088256836, 15.948500633239746, 11.664753913879395, 10.555609703063965, 9.525304794311523, 10.047674179077148, 8.752327919006348, 7.203573703765869], ""spectral_centroid_mean"": 3294.946790814322, ""spectral_bandwidth_mean"": 4020.347636069152, ""spectral_rolloff_mean"": 5366.356382978724, ""zero_crossing_rate_mean"": 0.07767134862588652, ""rms_mean"": 0.007571821566671133, ""spectral_flatness_mean"": 0.003939017187803984}"
1092,2026-09-12T15:32:09+00:00,House Crow,0.797369122505188,100,0.011203193862261908,CANDIDATE,1,,
1093,2026-09-12T15:32:13+00:00,House Crow,0.7870376706123352,100,0.010758300394932946,CANDIDATE,1,,
1094,2026-09-12T15:32:15+00:00,House Crow,0.9112915992736816,100,0.01276762224848129,CANDIDATE,1,,
1095,2026-09-12T15:37:04+00:00,House Crow,0.5430206060409546,100,0.010409514112269508,CANDIDATE,1,,
1096,2026-09-12T15:37:24+00:00,House Crow,0.7117055058479309,100,0.013664254817204251,CANDIDATE,1,,
1097,2026-09-12T15:37:25+00:00,House Crow,0.8396661877632141,100,0.01616741293594534,CANDIDATE,1,,
1098,2026-09-12T15:37:25+00:00,House Crow,0.8396661877632141,100,0.01616741293594534,CONFIRMED,1,/app/python/spectrograms/1098_House_Crow.png,"{""mfcc_mean"": [-518.8275756835938, 168.62098693847656, 8.174385070800781, 6.906240940093994, 24.51259422302246, 14.01254940032959, 26.640710830688477, 18.15082359313965, -2.5714807510375977, 10.393240928649902, -1.1149095296859741, 7.80338716506958, 2.1630494594573975], ""mfcc_std"": [56.66676712036133, 12.890087127685547, 32.983245849609375, 16.679229736328125, 23.452909469604492, 14.302739143371582, 12.260197639465332, 7.773515224456787, 12.265694618225098, 7.127396106719971, 9.154810905456543, 6.0830979347229, 6.164261341094971], ""spectral_centroid_mean"": 1643.2868840161443, ""spectral_bandwidth_mean"": 3466.890886906995, ""spectral_rolloff_mean"": 2156.748670212766, ""zero_crossing_rate_mean"": 0.021319883089539006, ""rms_mean"": 0.012230612337589264, ""spectral_flatness_mean"": 0.0004151382890995592}"
1099,2026-09-12T15:37:27+00:00,House Crow,0.40444180369377136,100,0.016945850233488068,CANDIDATE,1,,
1100,2026-09-12T15:37:28+00:00,House Crow,0.10769384354352951,100,0.012560504374163168,CANDIDATE,1,,
1101,2026-09-12T15:39:52+00:00,Striped Owl,0.05722357705235481,98,0.010313983014460786,NON_WHITELISTED,0,,
1102,2026-09-12T15:40:04+00:00,Rufous Motmot,0.18451464176177979,98,0.011823181845504151,NON_WHITELISTED,0,,
1103,2026-09-12T15:40:06+00:00,Human vocal,0.025718288496136665,98,0.017135961433472645,LOW_CONFIDENCE,0,,
1104,2026-09-12T15:40:07+00:00,Human vocal,0.025857623666524887,98,0.015589667730705213,LOW_CONFIDENCE,0,,
1105,2026-09-12T15:42:07+00:00,Eurasian Scops Owl,0.11180657893419266,97,0.01461505552220438,NON_WHITELISTED,0,,
1106,2026-09-12T15:42:09+00:00,Shikra,0.0387444831430912,97,0.015911611987571284,LOW_CONFIDENCE,0,,
1107,2026-09-12T15:44:58+00:00,Tui,0.043018002063035965,96,0.02242696845252575,LOW_CONFIDENCE,0,,
1108,2026-09-12T15:45:00+00:00,Engine,0.11334581673145294,96,0.023103471157769135,NON_WHITELISTED,0,,
1109,2026-09-12T15:45:04+00:00,Austral Pygmy-Owl,0.0911111831665039,96,0.010498120671735707,NON_WHITELISTED,0,,
1110,2026-09-12T15:45:39+00:00,Shikra,0.09356814622879028,95,0.012047090031611758,NON_WHITELISTED,0,,
1111,2026-09-12T15:46:24+00:00,Austral Pygmy-Owl,0.08957186341285706,95,0.01071690076926877,NON_WHITELISTED,0,,
1112,2026-09-12T15:46:26+00:00,Great Bittern,0.07390132546424866,95,0.010647476803695781,NON_WHITELISTED,0,,
1113,2026-09-12T15:49:27+00:00,Great Bittern,0.11575430631637573,94,0.019286317697616642,NON_WHITELISTED,0,,
1114,2026-09-12T15:49:28+00:00,Western Meadowlark,0.007885729894042015,94,0.049880216605808096,LOW_CONFIDENCE,0,,
1115,2026-09-12T15:49:30+00:00,Chilean Tinamou,0.008527733385562897,94,0.046604854573355586,LOW_CONFIDENCE,0,,
1116,2026-09-12T15:51:37+00:00,Ruddy Shelduck,0.029519056901335716,93,0.04482718920803976,LOW_CONFIDENCE,0,,
1117,2026-09-12T15:51:39+00:00,Red-naped Ibis,0.030667230486869812,93,0.044900812340488795,LOW_CONFIDENCE,0,,
1118,2026-09-12T15:52:54+00:00,Western Black-eared Wheatear,0.01729610562324524,92,0.02575388425737062,LOW_CONFIDENCE,0,,
1119,2026-09-12T15:52:55+00:00,White-crested Elaenia,0.017144378274679184,92,0.030537525372170565,LOW_CONFIDENCE,0,,
1120,2026-09-12T15:52:57+00:00,Chilean Tinamou,0.032319825142621994,92,0.021906645937140347,LOW_CONFIDENCE,0,,
1121,2026-09-12T15:52:58+00:00,Eurasian Scops Owl,0.04580938071012497,92,0.01514693755187327,LOW_CONFIDENCE,0,,
1122,2026-09-12T15:55:40+00:00,Great Bittern,0.737590491771698,91,0.010737328850523824,NON_WHITELISTED,0,,
1123,2026-09-12T15:55:42+00:00,Black Drongo,0.037009306252002716,91,0.01320217422190181,LOW_CONFIDENCE,0,,
1124,2026-09-12T15:55:43+00:00,Black Drongo,0.04930674284696579,91,0.011909767011372668,LOW_CONFIDENCE,0,,
1125,2026-09-12T15:56:25+00:00,Common Myna,0.039417363703250885,91,0.012535153337827816,LOW_CONFIDENCE,1,,
1126,2026-09-12T15:56:27+00:00,Engine,0.11287681013345718,91,0.015266068755772924,NON_WHITELISTED,0,,
1127,2026-09-12T15:57:55+00:00,Coppersmith Barbet,0.0642169788479805,90,0.012426641142928466,CANDIDATE,1,,
1128,2026-09-12T15:57:57+00:00,Human vocal,0.038876377046108246,90,0.03157733357786219,LOW_CONFIDENCE,0,,
1129,2026-09-12T15:57:58+00:00,Little Egret,0.022072935476899147,90,0.029156690470069756,LOW_CONFIDENCE,0,,
1130,2026-09-12T15:59:00+00:00,Great Bittern,0.1617654263973236,89,0.012867383740610826,NON_WHITELISTED,0,,
1131,2026-09-12T15:59:01+00:00,Australian Magpie,0.06264634430408478,89,0.026988211827203037,NON_WHITELISTED,0,,
1132,2026-09-12T15:59:03+00:00,Shikra,0.08743909001350403,89,0.025122331850808855,NON_WHITELISTED,0,,
1133,2026-09-12T16:00:39+00:00,House Crow,0.08580958843231201,89,0.010584634804549324,CANDIDATE,1,,
1134,2026-09-12T16:00:40+00:00,Shikra,0.0678645521402359,89,0.010557022388143029,NON_WHITELISTED,0,,
1135,2026-09-12T16:04:30+00:00,Grey Gerygone,0.22667793929576874,87,0.0115027166251008,NON_WHITELISTED,0,,
1136,2026-09-12T16:04:40+00:00,Eastern Spinebill,0.09129197150468826,87,0.017164478228869875,NON_WHITELISTED,0,,
1137,2026-09-12T16:04:42+00:00,Ashy-crowned Sparrow-Lark,0.16076835989952087,87,0.017569950836746544,NON_WHITELISTED,0,,
1138,2026-09-12T16:06:34+00:00,Shikra,0.07694027572870255,86,0.020456120844874,NON_WHITELISTED,0,,
1139,2026-09-12T16:06:36+00:00,Great Cormorant,0.07137633115053177,86,0.021502948560862968,NON_WHITELISTED,0,,
1140,2026-09-12T16:06:37+00:00,Anhinga,0.07733999192714691,86,0.010690773588284129,NON_WHITELISTED,0,,
1141,2026-09-12T16:06:40+00:00,Engine,0.039100829511880875,86,0.010256033892163273,LOW_CONFIDENCE,0,,
1142,2026-09-12T16:06:42+00:00,Engine,0.0327044278383255,86,0.011489589048637767,LOW_CONFIDENCE,0,,
1143,2026-09-12T16:06:43+00:00,Engine,0.31572985649108887,86,0.01190813048922205,NON_WHITELISTED,0,,
1144,2026-09-12T16:07:00+00:00,Great Bittern,0.036152761429548264,86,0.02712847316518056,LOW_CONFIDENCE,0,,
1145,2026-09-12T16:07:01+00:00,Red-vented Bulbul,0.3021375238895416,86,0.02893954556601977,CANDIDATE,1,,
1146,2026-09-12T16:07:03+00:00,Red-vented Bulbul,0.23925547301769257,86,0.01910767116143907,CANDIDATE,1,,
1147,2026-09-12T16:07:03+00:00,Red-vented Bulbul,0.3021375238895416,86,0.01910767116143907,CONFIRMED,1,/app/python/spectrograms/1147_Red-vented_Bulbul.png,"{""mfcc_mean"": [-529.30859375, 144.67527770996094, 47.57734298706055, 22.191024780273438, 33.77445602416992, 8.749436378479004, 21.931682586669922, 16.073867797851562, 7.091691970825195, 19.006916046142578, -0.7130700349807739, 12.424776077270508, 3.2919275760650635], ""mfcc_std"": [21.61243438720703, 16.107080459594727, 18.92685890197754, 8.031630516052246, 10.724055290222168, 6.440510272979736, 15.167081832885742, 6.772443771362305, 10.198959350585938, 9.467323303222656, 5.063502311706543, 4.927448272705078, 5.929254531860352], ""spectral_centroid_mean"": 1830.1002999998127, ""spectral_bandwidth_mean"": 4375.372276334365, ""spectral_rolloff_mean"": 2621.509308510638, ""zero_crossing_rate_mean"": 0.01444585272606383, ""rms_mean"": 0.0168377123773098, ""spectral_flatness_mean"": 0.00031002864125184715}"
1148,2026-09-12T16:07:04+00:00,Engine,0.05921650305390358,86,0.018015272429313636,NON_WHITELISTED,0,,
1149,2026-09-12T16:07:06+00:00,Red Wattlebird,0.03748044744133949,86,0.010129303782671276,LOW_CONFIDENCE,0,,
1150,2026-09-12T16:14:49+00:00,Little Owl,0.07433999329805374,82,0.014105203863342693,NON_WHITELISTED,0,,
1151,2026-09-12T16:14:51+00:00,Australian Magpie,0.16841891407966614,82,0.015556370218766786,NON_WHITELISTED,0,,
1152,2026-09-12T16:14:57+00:00,West Peruvian Dove,0.09611248970031738,82,0.015376516752715237,NON_WHITELISTED,0,,
1153,2026-09-12T16:14:58+00:00,Yellow-faced Honeyeater,0.04059145972132683,82,0.016271750518005074,LOW_CONFIDENCE,0,,
1154,2026-09-12T16:15:48+00:00,Great Bittern,0.022461529821157455,82,0.013074987441505072,LOW_CONFIDENCE,0,,
1155,2026-09-12T16:15:49+00:00,Engine,0.17866867780685425,82,0.02204562166223849,NON_WHITELISTED,0,,
1156,2026-09-12T16:15:51+00:00,Great Bittern,0.24486497044563293,82,0.019009760089792303,NON_WHITELISTED,0,,
1157,2026-09-12T16:16:37+00:00,Engine,0.03023936226963997,81,0.011448908249992685,LOW_CONFIDENCE,0,,
1158,2026-09-12T16:27:46+00:00,Red-vented Bulbul,0.01783321425318718,76,0.013756119655618387,LOW_CONFIDENCE,1,,
1159,2026-09-12T16:27:48+00:00,Pink-footed Goose,0.044776301831007004,76,0.012846697218331645,LOW_CONFIDENCE,0,,
1160,2026-09-12T16:29:36+00:00,Eastern Rosella,0.038771286606788635,75,0.013304763759153748,LOW_CONFIDENCE,0,,
1161,2026-09-12T16:29:37+00:00,Spotless Starling,0.11954746395349503,75,0.013370012243415462,NON_WHITELISTED,0,,
1162,2026-09-12T16:29:52+00:00,Human non-vocal,0.13444292545318604,75,0.010211795357221734,NON_WHITELISTED,0,,
1163,2026-09-12T16:29:54+00:00,Human non-vocal,0.22089093923568726,75,0.013198454805526498,NON_WHITELISTED,0,,
1164,2026-09-12T16:29:55+00:00,Rock Dove,0.5042823553085327,75,0.011467984760021149,NON_WHITELISTED,0,,
1165,2026-09-12T16:30:24+00:00,Shikra,0.05058823898434639,75,0.012668141193836501,NON_WHITELISTED,0,,
1166,2026-09-12T16:30:25+00:00,Shikra,0.06573544442653656,75,0.014741269931055448,NON_WHITELISTED,0,,
1167,2026-09-12T16:31:40+00:00,Shikra,0.24550467729568481,74,0.01955161861655901,NON_WHITELISTED,0,,
1168,2026-09-12T16:31:42+00:00,Shikra,0.2815341353416443,74,0.025916987440570066,NON_WHITELISTED,0,,
1169,2026-09-12T16:31:42+00:00,Red-vented Bulbul,0.10142149776220322,74,0.025916987440570066,CONFIRMED,1,/app/python/spectrograms/1169_Red-vented_Bulbul.png,"{""mfcc_mean"": [-499.82275390625, 177.6969757080078, 25.67205238342285, 20.314210891723633, 40.15293884277344, 10.191253662109375, 17.227771759033203, 20.820341110229492, 10.978530883789062, 10.716819763183594, -1.3330965042114258, 3.0202152729034424, 3.82292103767395], ""mfcc_std"": [18.542036056518555, 15.663752555847168, 10.263993263244629, 10.326285362243652, 16.580554962158203, 8.320154190063477, 12.921281814575195, 6.432631492614746, 12.597888946533203, 4.31105375289917, 11.273391723632812, 7.319548606872559, 8.639034271240234], ""spectral_centroid_mean"": 1112.5814427725832, ""spectral_bandwidth_mean"": 2974.08177658293, ""spectral_rolloff_mean"": 1471.9913563829787, ""zero_crossing_rate_mean"": 0.009860857158687944, ""rms_mean"": 0.022152461111545563, ""spectral_flatness_mean"": 0.0001919627538882196}"
1170,2026-09-12T16:31:44+00:00,Greater Coucal,0.08508475124835968,74,0.01890680017535849,CANDIDATE,1,,
1171,2026-09-12T16:36:03+00:00,Mottled Wood-Owl,0.11473450809717178,72,0.010353444580102084,NON_WHITELISTED,0,,
1172,2026-09-12T16:36:04+00:00,Shikra,0.1458406001329422,72,0.010913213558677866,NON_WHITELISTED,0,,
1173,2026-09-12T16:36:07+00:00,Himalayan Owl,0.21012118458747864,72,0.010657237758259526,NON_WHITELISTED,0,,
1174,2026-09-12T16:36:09+00:00,Eurasian Hoopoe,0.0894397422671318,72,0.011003507327398835,NON_WHITELISTED,0,,
1175,2026-09-12T16:36:12+00:00,Collared Dove,0.19746670126914978,72,0.020910560658381944,NON_WHITELISTED,0,,
1176,2026-09-12T16:36:13+00:00,Collared Dove,0.14421512186527252,72,0.020904113158153208,NON_WHITELISTED,0,,
1177,2026-09-12T16:36:15+00:00,Mottled Wood-Owl,0.35146138072013855,72,0.024086137279206762,NON_WHITELISTED,0,,
1178,2026-09-12T16:36:17+00:00,Mottled Wood-Owl,0.12451279163360596,72,0.024051675749574224,NON_WHITELISTED,0,,
1179,2026-09-12T16:36:51+00:00,Human vocal,0.1715046763420105,72,0.010100494043891127,NON_WHITELISTED,0,,
1180,2026-09-12T16:37:57+00:00,Collared Dove,0.7833865284919739,71,0.012578002125075052,NON_WHITELISTED,0,,
1181,2026-09-12T16:37:58+00:00,Collared Dove,0.2550426125526428,71,0.01158796872731579,NON_WHITELISTED,0,,
1182,2026-09-12T16:38:06+00:00,Collared Dove,0.3939155638217926,71,0.017326202371958956,NON_WHITELISTED,0,,
1183,2026-09-12T16:38:07+00:00,Barred Owl,0.38219785690307617,71,0.01694964463439877,NON_WHITELISTED,0,,
1184,2026-09-12T16:38:31+00:00,Shikra,0.06601911783218384,71,0.010838165476026422,NON_WHITELISTED,0,,
1185,2026-09-12T16:38:33+00:00,Austral Pygmy-Owl,0.049739621579647064,71,0.010877792711807733,LOW_CONFIDENCE,0,,
1186,2026-09-12T16:39:37+00:00,Great Bittern,0.03091239184141159,71,0.010830448188867919,LOW_CONFIDENCE,0,,
1187,2026-09-12T16:46:13+00:00,Shikra,0.08829272538423538,68,0.013915219790537676,NON_WHITELISTED,0,,
1188,2026-09-12T16:46:15+00:00,Jerdon's Bushlark,0.037061672657728195,68,0.013864837549485975,LOW_CONFIDENCE,0,,
1189,2026-09-12T16:46:39+00:00,Austral Pygmy-Owl,0.07369885593652725,67,0.01162030274187996,NON_WHITELISTED,0,,
1190,2026-09-12T16:46:40+00:00,Austral Pygmy-Owl,0.10092025995254517,67,0.011887800078892351,NON_WHITELISTED,0,,
1191,2026-09-12T16:48:00+00:00,Trumpeter Swan,0.5719406604766846,67,0.011755551364049854,NON_WHITELISTED,0,,
1192,2026-09-12T16:48:01+00:00,Trumpeter Swan,0.09569818526506424,67,0.012281649938963782,NON_WHITELISTED,0,,
1193,2026-09-12T16:51:24+00:00,Austral Pygmy-Owl,0.046001728624105453,65,0.02421222157248589,LOW_CONFIDENCE,0,,
1194,2026-09-12T16:51:25+00:00,Engine,0.03368973359465599,65,0.025547177891900183,LOW_CONFIDENCE,0,,
1195,2026-09-12T16:51:27+00:00,Engine,0.04603740945458412,65,0.010108543344760586,LOW_CONFIDENCE,0,,
1196,2026-09-12T16:52:15+00:00,Black Drongo,0.0628647655248642,65,0.02387958221114476,NON_WHITELISTED,0,,
1197,2026-09-12T16:52:16+00:00,Common Iora,0.027803385630249977,65,0.02332288532155562,LOW_CONFIDENCE,0,,
1198,2026-09-12T16:53:22+00:00,Shikra,0.01840917579829693,64,0.01184834055711905,LOW_CONFIDENCE,0,,
1199,2026-09-12T16:53:24+00:00,Eurasian Scops Owl,0.020676754415035248,64,0.01815544489489111,LOW_CONFIDENCE,0,,
1200,2026-09-12T16:53:25+00:00,Great Bittern,0.5865945219993591,64,0.036063753138943624,NON_WHITELISTED,0,,
1201,2026-09-12T16:53:27+00:00,Unspotted Saw-whet Owl,0.034993547946214676,64,0.061515599852234745,LOW_CONFIDENCE,0,,
1202,2026-09-12T16:53:28+00:00,Austral Blackbird,0.027235154062509537,64,0.05316857692367652,LOW_CONFIDENCE,0,,
1203,2026-09-12T16:53:30+00:00,Great Bittern,0.880470335483551,64,0.016652349990028962,NON_WHITELISTED,0,,
1204,2026-09-12T16:53:31+00:00,Austral Pygmy-Owl,0.02589312195777893,64,0.013390322835192163,LOW_CONFIDENCE,0,,
1205,2026-09-12T16:53:40+00:00,Tawny Owl,0.07356960326433182,64,0.01565897112554806,NON_WHITELISTED,0,,
1206,2026-09-12T16:53:42+00:00,Great Bittern,0.8856722712516785,64,0.047528746473862286,NON_WHITELISTED,0,,
1207,2026-09-12T16:53:43+00:00,Great Bittern,0.711952805519104,64,0.04791148984617538,NON_WHITELISTED,0,,
1208,2026-09-12T16:53:45+00:00,Great Bittern,0.08865911513566971,64,0.03379540686589257,NON_WHITELISTED,0,,
1209,2026-09-12T16:53:46+00:00,Great Bittern,0.0348571240901947,64,0.030679227459882434,LOW_CONFIDENCE,0,,
1210,2026-09-12T16:53:52+00:00,Great Bittern,0.4281654953956604,64,0.01445831868970832,NON_WHITELISTED,0,,
1211,2026-09-12T16:53:54+00:00,Great Bittern,0.05301818624138832,64,0.01433062255499473,NON_WHITELISTED,0,,
1212,2026-09-12T16:57:37+00:00,Great Bittern,0.3804567754268646,62,0.04645284523016382,NON_WHITELISTED,0,,
1213,2026-09-12T16:57:39+00:00,Great Bittern,0.12993532419204712,62,0.0634590021170116,NON_WHITELISTED,0,,
1214,2026-09-12T16:57:40+00:00,Great Bittern,0.1616511195898056,62,0.045295507989465376,NON_WHITELISTED,0,,
1215,2026-09-12T16:57:42+00:00,Great Bittern,0.04998253285884857,62,0.01372432893546304,LOW_CONFIDENCE,0,,
1216,2026-09-12T16:57:49+00:00,House Crow,0.06264764070510864,62,0.011251721382067398,CANDIDATE,1,,
1217,2026-09-12T16:57:51+00:00,Red-vented Bulbul,0.07296706736087799,62,0.012649088231131837,CANDIDATE,1,,
1218,2026-09-12T16:59:21+00:00,White-breasted Waterhen,0.10777102410793304,61,0.02606020017399709,NON_WHITELISTED,0,,
1219,2026-09-12T16:59:22+00:00,Wild Turkey,0.0503951832652092,61,0.026940001962620374,NON_WHITELISTED,0,,
1220,2026-09-12T16:59:24+00:00,Chilean Tinamou,0.027365591377019882,61,0.01329009707131015,LOW_CONFIDENCE,0,,
1221,2026-09-12T16:59:45+00:00,Engine,0.04351077973842621,61,0.010116985509326134,LOW_CONFIDENCE,0,,
1222,2026-09-12T17:02:55+00:00,Little Owl,0.06635046005249023,59,0.010256544085897334,NON_WHITELISTED,0,,
1223,2026-09-12T17:02:57+00:00,Great Bittern,0.8666829466819763,59,0.02117718535784014,NON_WHITELISTED,0,,
1224,2026-09-12T17:02:58+00:00,Great Bittern,0.9100725054740906,59,0.02178287031613388,NON_WHITELISTED,0,,
1225,2026-09-12T17:03:00+00:00,Common Black Hawk,0.05517151579260826,59,0.014956098000584285,NON_WHITELISTED,0,,
1226,2026-09-12T17:03:01+00:00,Merlin,0.02065243013203144,59,0.015264146000795249,LOW_CONFIDENCE,0,,
1227,2026-09-12T17:03:03+00:00,Wood Thrush,0.06399331986904144,59,0.011734155803275225,NON_WHITELISTED,0,,
1228,2026-09-12T17:03:04+00:00,Wood Thrush,0.05294197425246239,59,0.06993335075366214,NON_WHITELISTED,0,,
1229,2026-09-12T17:03:06+00:00,Chilean Tinamou,0.02375788241624832,59,0.088285724076425,LOW_CONFIDENCE,0,,
1230,2026-09-12T17:03:07+00:00,Pied Butcherbird,0.04767005518078804,59,0.05661305438145974,LOW_CONFIDENCE,0,,
1231,2026-09-12T17:03:09+00:00,Pied Butcherbird,0.0374814048409462,59,0.01983713010714673,LOW_CONFIDENCE,0,,
1232,2026-09-12T17:03:10+00:00,Black Drongo,0.07976987212896347,59,0.012165428366145002,NON_WHITELISTED,0,,
1233,2026-09-12T17:03:13+00:00,Austral Pygmy-Owl,0.07434491813182831,59,0.013000101008137267,NON_WHITELISTED,0,,
1234,2026-09-12T17:03:15+00:00,Barn Owl,0.020174095407128334,59,0.014497057546613866,LOW_CONFIDENCE,0,,
1235,2026-09-12T17:04:27+00:00,Jungle Babbler,0.08041578531265259,59,0.015046779431327506,NON_WHITELISTED,0,,
1236,2026-09-12T17:04:28+00:00,Shikra,0.06916678696870804,59,0.01593694162433154,NON_WHITELISTED,0,,
1237,2026-09-12T17:04:30+00:00,Indian Scops Owl,0.1077345535159111,59,0.010011297765048714,NON_WHITELISTED,0,,
1238,2026-09-12T17:05:27+00:00,Austral Pygmy-Owl,0.04761597514152527,58,0.012485886248126053,LOW_CONFIDENCE,0,,
1239,2026-09-12T17:05:28+00:00,Austral Pygmy-Owl,0.08494019508361816,58,0.016190821384683477,NON_WHITELISTED,0,,
1240,2026-09-12T17:05:30+00:00,Austral Pygmy-Owl,0.11343815922737122,58,0.012999260246710881,NON_WHITELISTED,0,,
1241,2026-09-12T17:05:31+00:00,Austral Pygmy-Owl,0.1337420493364334,58,0.011962178952317777,NON_WHITELISTED,0,,
1242,2026-09-12T17:05:33+00:00,Austral Pygmy-Owl,0.1553032249212265,58,0.011168494250420675,NON_WHITELISTED,0,,
1243,2026-09-12T17:06:18+00:00,Great Bittern,0.05086866393685341,58,0.016597076423150312,NON_WHITELISTED,0,,
1244,2026-09-12T17:06:19+00:00,Shikra,0.04214804992079735,58,0.017529427541712495,LOW_CONFIDENCE,0,,
1245,2026-09-12T17:06:42+00:00,Engine,0.04462256282567978,58,0.011946296787941514,LOW_CONFIDENCE,0,,
1246,2026-09-12T17:06:43+00:00,Engine,0.026139652356505394,58,0.013759565986370407,LOW_CONFIDENCE,0,,
1247,2026-09-12T17:06:45+00:00,Engine,0.02894483134150505,58,0.02638533462291471,LOW_CONFIDENCE,0,,
1248,2026-09-12T17:06:46+00:00,Engine,0.32137542963027954,58,0.027568868343747378,NON_WHITELISTED,0,,
1249,2026-09-12T17:06:48+00:00,Engine,0.2490197867155075,58,0.01553479076870517,NON_WHITELISTED,0,,
1250,2026-09-12T17:13:55+00:00,Engine,0.23799282312393188,54,0.016842668836885313,NON_WHITELISTED,0,,
1251,2026-09-12T17:13:57+00:00,Engine,0.12716203927993774,54,0.015346708111896337,NON_WHITELISTED,0,,
1252,2026-09-12T17:14:12+00:00,Human vocal,0.04793618619441986,54,0.01516426561263339,LOW_CONFIDENCE,0,,
1253,2026-09-12T17:14:13+00:00,Human vocal,0.022517912089824677,54,0.015222170764518497,LOW_CONFIDENCE,0,,
1254,2026-09-12T17:14:18+00:00,Harris's Hawk,0.022967971861362457,54,0.014207271243292102,LOW_CONFIDENCE,0,,
1255,2026-09-12T17:14:19+00:00,Great Bittern,0.06050692871212959,54,0.015489950553483487,NON_WHITELISTED,0,,
1256,2026-09-12T17:16:12+00:00,Red-vented Bulbul,0.09162981808185577,53,0.010724945303307119,CANDIDATE,1,,
1257,2026-09-12T17:16:13+00:00,Light-vented Bulbul,0.04093027487397194,53,0.011262599313937045,LOW_CONFIDENCE,0,,
1258,2026-09-12T17:16:25+00:00,Great Bittern,0.7825158834457397,53,0.026713657475247912,NON_WHITELISTED,0,,
1259,2026-09-12T17:16:27+00:00,Great Bittern,0.9521174430847168,53,0.03835473244792444,NON_WHITELISTED,0,,
1260,2026-09-12T17:16:28+00:00,Great Bittern,0.6834872961044312,53,0.028817617128362057,NON_WHITELISTED,0,,
1261,2026-09-12T17:17:52+00:00,Engine,0.034774504601955414,52,0.010988765127801238,LOW_CONFIDENCE,0,,
1262,2026-09-12T17:17:54+00:00,Engine,0.1201615259051323,52,0.028165961504861066,NON_WHITELISTED,0,,
1263,2026-09-12T17:17:55+00:00,Engine,0.04941832646727562,52,0.02719782877170133,LOW_CONFIDENCE,0,,
1264,2026-09-12T17:21:06+00:00,Grey-fronted Dove,0.08704552799463272,51,0.011977130418164608,NON_WHITELISTED,0,,
1265,2026-09-12T17:21:07+00:00,Engine,0.09370726346969604,51,0.015549701163041087,NON_WHITELISTED,0,,
1266,2026-09-12T17:21:09+00:00,Engine,0.381527841091156,51,0.014202267743932406,NON_WHITELISTED,0,,
1267,2026-09-12T17:26:55+00:00,Human vocal,0.1660809963941574,48,0.011311612224238736,NON_WHITELISTED,0,,
1268,2026-09-12T17:26:57+00:00,Human vocal,0.19299378991127014,48,0.01306172798134806,NON_WHITELISTED,0,,
1269,2026-09-12T17:26:58+00:00,Human vocal,0.2661760747432709,48,0.013361723564025022,NON_WHITELISTED,0,,
1270,2026-09-12T17:27:00+00:00,Human whistle,0.22958631813526154,48,0.016351666315008836,NON_WHITELISTED,0,,
1271,2026-09-12T17:27:01+00:00,Pied Butcherbird,0.11987634003162384,48,0.014877244630339093,NON_WHITELISTED,0,,
1272,2026-09-12T17:27:12+00:00,Human vocal,0.48409032821655273,48,0.013419611395533227,NON_WHITELISTED,0,,
1273,2026-09-12T17:27:13+00:00,Human vocal,0.455661803483963,48,0.014642889925309887,NON_WHITELISTED,0,,
1274,2026-09-12T17:27:15+00:00,Human vocal,0.2851864695549011,48,0.013106282140909278,NON_WHITELISTED,0,,
1275,2026-09-12T17:27:16+00:00,Human vocal,0.15970274806022644,48,0.010942117017922685,NON_WHITELISTED,0,,
1276,2026-09-12T17:27:18+00:00,Human vocal,0.20268161594867706,48,0.011172444153064431,NON_WHITELISTED,0,,
1277,2026-09-12T17:27:19+00:00,Eurasian Hoopoe,0.05738665536046028,48,0.010057855908347802,NON_WHITELISTED,0,,
1278,2026-09-12T17:27:21+00:00,Austral Pygmy-Owl,0.142414391040802,48,0.010264081099435805,NON_WHITELISTED,0,,
1279,2026-09-12T17:27:22+00:00,Human vocal,0.06753674894571304,48,0.013862014326475065,NON_WHITELISTED,0,,
1280,2026-09-12T17:27:24+00:00,Human vocal,0.31592002511024475,48,0.012133951681863004,NON_WHITELISTED,0,,
1281,2026-09-12T17:27:28+00:00,Human vocal,0.15950536727905273,48,0.01317689058677432,NON_WHITELISTED,0,,
1282,2026-09-12T17:27:30+00:00,Human vocal,0.09759648889303207,48,0.012680119998997045,NON_WHITELISTED,0,,
1283,2026-09-12T17:27:31+00:00,Human vocal,0.06075296550989151,48,0.012974161556321431,NON_WHITELISTED,0,,
1284,2026-09-12T17:27:33+00:00,Human vocal,0.15085704624652863,48,0.012032340330101515,NON_WHITELISTED,0,,
1285,2026-09-12T17:27:39+00:00,Human vocal,0.06947363913059235,48,0.012098600828110068,NON_WHITELISTED,0,,
1286,2026-09-12T17:27:41+00:00,Human vocal,0.2157038152217865,48,0.014449358124598202,NON_WHITELISTED,0,,
1287,2026-09-12T17:27:42+00:00,Human whistle,0.24696820974349976,48,0.010412410670040022,NON_WHITELISTED,0,,
1288,2026-09-12T17:27:46+00:00,Human vocal,0.13483138382434845,48,0.011405363227443939,NON_WHITELISTED,0,,
1289,2026-09-12T17:27:48+00:00,Human vocal,0.5977177023887634,48,0.013391989743749371,NON_WHITELISTED,0,,
1290,2026-09-12T17:27:49+00:00,Human vocal,0.060212261974811554,48,0.016236397435572394,NON_WHITELISTED,0,,
1291,2026-09-12T17:27:51+00:00,Human vocal,0.1724233478307724,48,0.01461171180372579,NON_WHITELISTED,0,,
1292,2026-09-12T17:27:52+00:00,Rufous-and-white Wren,0.1754659116268158,48,0.013050852403383748,NON_WHITELISTED,0,,
1293,2026-09-12T17:27:54+00:00,Indian Cuckoo,0.20666776597499847,47,0.012183111311431868,NON_WHITELISTED,0,,
1294,2026-09-12T17:27:58+00:00,Human vocal,0.08182518929243088,47,0.012593211117172176,NON_WHITELISTED,0,,
1295,2026-09-12T17:28:00+00:00,Austral Pygmy-Owl,0.0619765929877758,47,0.012472205283209928,NON_WHITELISTED,0,,
1296,2026-09-12T17:28:01+00:00,Austral Pygmy-Owl,0.11307068169116974,47,0.010326792695621465,NON_WHITELISTED,0,,
1297,2026-09-12T17:28:04+00:00,Human vocal,0.2644546926021576,47,0.010475273484465432,NON_WHITELISTED,0,,
1298,2026-09-12T17:28:06+00:00,Human vocal,0.5924952626228333,47,0.011481464009566176,NON_WHITELISTED,0,,
1299,2026-09-12T17:28:07+00:00,Austral Pygmy-Owl,0.04951482638716698,47,0.010259001917747406,LOW_CONFIDENCE,0,,
1300,2026-09-12T17:28:15+00:00,Human vocal,0.5325687527656555,47,0.01146190378896611,NON_WHITELISTED,0,,
1301,2026-09-12T17:28:16+00:00,Human vocal,0.38471102714538574,47,0.01315809492932313,NON_WHITELISTED,0,,
1302,2026-09-12T17:28:21+00:00,Human vocal,0.19396214187145233,47,0.012753520666176639,NON_WHITELISTED,0,,
1303,2026-09-12T17:28:22+00:00,Human vocal,0.11298823356628418,47,0.010898511870242236,NON_WHITELISTED,0,,
1304,2026-09-12T17:28:24+00:00,Human vocal,0.08081424981355667,46,0.013888470104424752,NON_WHITELISTED,0,,
1305,2026-09-12T17:28:25+00:00,Human vocal,0.17814378440380096,46,0.014349440334828876,NON_WHITELISTED,0,,
1306,2026-09-12T17:28:33+00:00,Human vocal,0.1108318641781807,46,0.010079502388716353,NON_WHITELISTED,0,,
1307,2026-09-12T17:28:39+00:00,Human vocal,0.16895030438899994,46,0.010794126335553328,NON_WHITELISTED,0,,
1308,2026-09-12T17:28:40+00:00,Human vocal,0.30762895941734314,46,0.012603236871581163,NON_WHITELISTED,0,,
1309,2026-09-12T17:28:42+00:00,Human vocal,0.4673953354358673,46,0.01448217327380355,NON_WHITELISTED,0,,
1310,2026-09-12T17:28:43+00:00,Human vocal,0.4563816487789154,46,0.013418192584169967,NON_WHITELISTED,0,,
1311,2026-09-12T17:28:46+00:00,Indian Cuckoo,0.10019345581531525,46,0.012799591996149917,NON_WHITELISTED,0,,
1312,2026-09-12T17:28:48+00:00,Indian Cuckoo,0.1562889814376831,46,0.011701725638854802,NON_WHITELISTED,0,,
1313,2026-09-12T17:28:49+00:00,Human vocal,0.4735316336154938,46,0.02947633873360822,NON_WHITELISTED,0,,
1314,2026-09-12T17:28:51+00:00,Human vocal,0.5282346606254578,46,0.03394484548129091,NON_WHITELISTED,0,,
1315,2026-09-12T17:28:52+00:00,Whooper Swan,0.05299083888530731,46,0.018551338801350965,NON_WHITELISTED,0,,
1316,2026-09-12T17:28:57+00:00,Human vocal,0.4325839877128601,46,0.010229329240419981,NON_WHITELISTED,0,,
1317,2026-09-12T17:28:58+00:00,Human vocal,0.5220573544502258,46,0.02700860602637935,NON_WHITELISTED,0,,
1318,2026-09-12T17:29:00+00:00,Human vocal,0.3454975485801697,46,0.03130836948956712,NON_WHITELISTED,0,,
1319,2026-09-12T17:29:01+00:00,Human vocal,0.06564255803823471,46,0.018755223385234165,NON_WHITELISTED,0,,
1320,2026-09-12T17:29:09+00:00,Coppersmith Barbet,0.15307198464870453,46,0.011407156343906811,CANDIDATE,1,,
1321,2026-09-12T17:29:18+00:00,Human vocal,0.21298645436763763,46,0.02738464615425114,NON_WHITELISTED,0,,
1322,2026-09-12T17:29:19+00:00,Human vocal,0.3725476562976837,46,0.027791078756614445,NON_WHITELISTED,0,,
1323,2026-09-12T17:29:21+00:00,Human vocal,0.44147956371307373,46,0.015941003558115573,NON_WHITELISTED,0,,
1324,2026-09-12T17:29:22+00:00,Human vocal,0.7185432314872742,46,0.018465493264409983,NON_WHITELISTED,0,,
1325,2026-09-12T17:29:24+00:00,Human vocal,0.6520779132843018,45,0.01529316012465885,NON_WHITELISTED,0,,
1326,2026-09-12T17:29:25+00:00,Human vocal,0.6343815326690674,45,0.022631582477573395,NON_WHITELISTED,0,,
1327,2026-09-12T17:29:27+00:00,Human vocal,0.5205674767494202,45,0.02251285397657925,NON_WHITELISTED,0,,
1328,2026-09-12T17:29:28+00:00,Human vocal,0.39245831966400146,45,0.014133452852118792,NON_WHITELISTED,0,,
1329,2026-09-12T17:29:30+00:00,Human vocal,0.2072792500257492,45,0.013068794069034016,NON_WHITELISTED,0,,
1330,2026-09-12T17:29:31+00:00,Human vocal,0.16999442875385284,45,0.03147041690188494,NON_WHITELISTED,0,,
1331,2026-09-12T17:29:33+00:00,Human vocal,0.33226537704467773,45,0.031768930191660584,NON_WHITELISTED,0,,
1332,2026-09-12T17:29:34+00:00,Human vocal,0.28072530031204224,45,0.01609181028603264,NON_WHITELISTED,0,,
1333,2026-09-12T17:29:36+00:00,Human vocal,0.08320586383342743,45,0.023643836379664673,NON_WHITELISTED,0,,
1334,2026-09-12T17:29:37+00:00,Human vocal,0.15278246998786926,45,0.021404474952449844,NON_WHITELISTED,0,,
1335,2026-09-12T17:29:40+00:00,Whooper Swan,0.14971686899662018,45,0.024529166237916088,NON_WHITELISTED,0,,
1336,2026-09-12T17:29:42+00:00,Whooper Swan,0.09434796869754791,45,0.02448469948815976,NON_WHITELISTED,0,,
1337,2026-09-12T17:29:49+00:00,Human vocal,0.2092687487602234,45,0.012199793113517349,NON_WHITELISTED,0,,
1338,2026-09-12T17:29:51+00:00,Whooper Swan,0.5073760151863098,45,0.012054822051887385,NON_WHITELISTED,0,,
1339,2026-09-12T17:29:54+00:00,Human vocal,0.1926286518573761,45,0.010121627998239333,NON_WHITELISTED,0,,
1340,2026-09-12T17:29:55+00:00,Human vocal,0.14162828028202057,45,0.0125323798260447,NON_WHITELISTED,0,,
1341,2026-09-12T17:29:58+00:00,Human vocal,0.1594855934381485,45,0.012293911453187934,NON_WHITELISTED,0,,
1342,2026-09-12T17:30:00+00:00,Human vocal,0.25550442934036255,45,0.01695431116460049,NON_WHITELISTED,0,,
1343,2026-09-12T17:30:01+00:00,Human vocal,0.284203439950943,45,0.012566410541873544,NON_WHITELISTED,0,,
1344,2026-09-12T17:30:07+00:00,Human vocal,0.05730902776122093,45,0.010844076009230106,NON_WHITELISTED,0,,
1345,2026-09-12T17:30:09+00:00,Eurasian Hoopoe,0.10248573124408722,45,0.01298454673130686,NON_WHITELISTED,0,,
1346,2026-09-12T17:30:10+00:00,Shikra,0.052693355828523636,45,0.011144863142046263,NON_WHITELISTED,0,,
1347,2026-09-12T17:30:15+00:00,Human vocal,0.16091248393058777,45,0.014529966368226404,NON_WHITELISTED,0,,
1348,2026-09-12T17:30:16+00:00,Brown Rock Chat,0.09944102168083191,45,0.013906144725367449,NON_WHITELISTED,0,,
1349,2026-09-12T17:30:18+00:00,Shikra,0.043839119374752045,45,0.01159638846242458,LOW_CONFIDENCE,0,,
1350,2026-09-12T17:30:19+00:00,Human vocal,0.07376084476709366,45,0.04777435436807679,NON_WHITELISTED,0,,
1351,2026-09-12T17:30:21+00:00,Human vocal,0.04976148530840874,45,0.04705972509061242,LOW_CONFIDENCE,0,,
1352,2026-09-12T17:30:22+00:00,Austral Pygmy-Owl,0.05631871894001961,45,0.011429924179360186,NON_WHITELISTED,0,,
1353,2026-09-12T17:30:24+00:00,Whooper Swan,0.10362467169761658,44,0.020442755846012226,NON_WHITELISTED,0,,
1354,2026-09-12T17:30:25+00:00,Shikra,0.04080839827656746,44,0.019565927127620692,LOW_CONFIDENCE,0,,
1355,2026-09-12T17:30:33+00:00,Human vocal,0.396907776594162,44,0.011452580914513734,NON_WHITELISTED,0,,
1356,2026-09-12T17:30:34+00:00,Human vocal,0.2159430980682373,44,0.010686004601181139,NON_WHITELISTED,0,,
1357,2026-09-12T17:30:36+00:00,Human vocal,0.15437501668930054,44,0.013036211381295732,NON_WHITELISTED,0,,
1358,2026-09-12T17:30:37+00:00,Human vocal,0.13912734389305115,44,0.014524213854176585,NON_WHITELISTED,0,,
1359,2026-09-12T17:30:39+00:00,Human vocal,0.144881471991539,44,0.01426906835103915,NON_WHITELISTED,0,,
1360,2026-09-12T17:30:40+00:00,Human vocal,0.047142304480075836,44,0.012743667908457825,LOW_CONFIDENCE,0,,
1361,2026-09-12T17:30:43+00:00,Human vocal,0.43705683946609497,44,0.01198974415187901,NON_WHITELISTED,0,,
1362,2026-09-12T17:30:48+00:00,Human vocal,0.14870281517505646,44,0.016997593053040758,NON_WHITELISTED,0,,
1363,2026-09-12T17:30:49+00:00,Human vocal,0.05794891342520714,44,0.026823918259230035,NON_WHITELISTED,0,,
1364,2026-09-12T17:30:51+00:00,Tropical Screech-Owl,0.04371747002005577,44,0.021822041922896183,LOW_CONFIDENCE,0,,
1365,2026-09-12T17:31:24+00:00,Tropical Screech-Owl,0.037621088325977325,43,0.0136475421773384,LOW_CONFIDENCE,0,,
1366,2026-09-12T17:31:25+00:00,Tropical Screech-Owl,0.3282413184642792,43,0.01570131147484108,NON_WHITELISTED,0,,
1367,2026-09-12T17:32:10+00:00,Slaty-backed Nightingale-Thrush,0.051632367074489594,42,0.012791422168045144,NON_WHITELISTED,0,,
1368,2026-09-12T17:32:12+00:00,Great Bittern,0.19291287660598755,42,0.012601894026745756,NON_WHITELISTED,0,,
1369,2026-09-12T17:32:51+00:00,Human vocal,0.04403229430317879,42,0.01295756990466713,LOW_CONFIDENCE,0,,
1370,2026-09-12T17:32:52+00:00,Shikra,0.07092920690774918,42,0.010659473737880041,NON_WHITELISTED,0,,
1371,2026-09-12T17:38:01+00:00,Atlantic Canary,0.15246418118476868,34,0.011561188954461621,NON_WHITELISTED,0,,
1372,2026-09-12T17:38:03+00:00,Engine,0.03492038697004318,34,0.01325795046641675,LOW_CONFIDENCE,0,,
1373,2026-09-12T17:38:04+00:00,Engine,0.0518304705619812,34,0.011542572813097906,NON_WHITELISTED,0,,
1374,2026-09-12T17:38:06+00:00,Engine,0.12704633176326752,34,0.0250363412973946,NON_WHITELISTED,0,,
1375,2026-09-12T17:38:07+00:00,Engine,0.04407919570803642,34,0.026258257077011515,LOW_CONFIDENCE,0,,
1376,2026-09-12T17:38:09+00:00,Engine,0.04930417612195015,34,0.010960319845952613,LOW_CONFIDENCE,0,,
1377,2026-09-12T17:41:42+00:00,Black Drongo,0.15960954129695892,27,0.010208178682975156,NON_WHITELISTED,0,,
1378,2026-09-12T17:42:07+00:00,White-browed Wagtail,0.027548257261514664,26,0.01044157911823276,LOW_CONFIDENCE,0,,
1379,2026-09-12T17:42:09+00:00,Rock Dove,0.18536034226417542,26,0.014970589932300594,NON_WHITELISTED,0,,
1380,2026-09-12T17:42:10+00:00,Rock Dove,0.17019841074943542,26,0.012391782332270217,NON_WHITELISTED,0,,
1381,2026-09-12T17:43:22+00:00,Austral Pygmy-Owl,0.5344662666320801,24,0.010052971556448027,NON_WHITELISTED,0,,
1382,2026-09-12T17:45:57+00:00,Common Myna,0.04398074746131897,13,0.020796948992822674,LOW_CONFIDENCE,1,,
1383,2026-09-12T17:45:58+00:00,Western Meadowlark,0.014256762340664864,13,0.021530754672764114,LOW_CONFIDENCE,0,,
1384,2026-09-12T17:46:22+00:00,Shikra,0.04873935133218765,13,0.01813683285744812,LOW_CONFIDENCE,0,,
1385,2026-09-12T17:46:24+00:00,Shikra,0.05440867319703102,13,0.01814353644401459,NON_WHITELISTED,0,,
1386,2026-09-12T17:46:25+00:00,Shikra,0.05932459607720375,10,0.06362319568948138,NON_WHITELISTED,0,,
1387,2026-09-12T17:46:27+00:00,White-breasted Waterhen,0.04663877934217453,10,0.11173227181511644,LOW_CONFIDENCE,0,,
1388,2026-09-12T17:46:28+00:00,Engine,0.046341948211193085,10,0.09342010087454587,LOW_CONFIDENCE,0,,
1389,2026-09-12T17:46:30+00:00,Buff-fronted Owl,0.1997225135564804,10,0.019497128582151056,NON_WHITELISTED,0,,
1390,2026-09-12T17:46:31+00:00,Shikra,0.04503423720598221,10,0.01896026437052695,LOW_CONFIDENCE,0,,
1391,2026-09-12T17:46:33+00:00,Black Drongo,0.14444881677627563,10,0.016541332080947244,NON_WHITELISTED,0,,
1392,2026-09-13T06:29:39+00:00,Bare-throated Bellbird,0.4231951832771301,98,0.03107980042238641,NON_WHITELISTED,0,,
1393,2026-09-13T06:29:40+00:00,Eurasian Scops Owl,0.5974764227867126,98,0.03305408849916038,NON_WHITELISTED,0,,
1394,2026-09-13T06:29:42+00:00,Spotted Dove,0.04883434250950813,98,0.012048136080340034,LOW_CONFIDENCE,1,,
1395,2026-09-13T06:31:06+00:00,Human non-vocal,0.0898333489894867,98,0.010501115048556633,NON_WHITELISTED,0,,
1396,2026-09-13T06:31:51+00:00,Long-eared Owl,0.024151451885700226,97,0.01118458493313859,LOW_CONFIDENCE,0,,
1397,2026-09-13T06:31:52+00:00,Human non-vocal,0.08824896067380905,97,0.01266456658991326,NON_WHITELISTED,0,,
1398,2026-09-13T06:31:54+00:00,Human non-vocal,0.06383083015680313,97,0.01064154757228787,NON_WHITELISTED,0,,
1399,2026-09-13T06:33:02+00:00,Human non-vocal,0.03133097290992737,97,0.012200534487884673,LOW_CONFIDENCE,0,,
1400,2026-09-13T06:33:03+00:00,Human non-vocal,0.06121666729450226,97,0.03266093384883247,NON_WHITELISTED,0,,
1401,2026-09-13T06:33:06+00:00,Lesser Coucal,0.030511444434523582,97,0.03146224925514587,LOW_CONFIDENCE,0,,
1402,2026-09-13T06:33:41+00:00,Red-vented Bulbul,0.022803883999586105,97,0.012279858162326138,LOW_CONFIDENCE,1,,
1403,2026-09-13T06:33:42+00:00,Clamorous Reed Warbler,0.046713948249816895,97,0.01223472689402813,LOW_CONFIDENCE,0,,
1404,2026-09-13T06:33:47+00:00,Common Woodpigeon,0.07860662043094635,97,0.010520570060962147,NON_WHITELISTED,0,,
1405,2026-09-13T06:33:48+00:00,Barn Owl,0.13170303404331207,97,0.010084463351177105,NON_WHITELISTED,0,,
1406,2026-09-13T06:34:36+00:00,Austral Pygmy-Owl,0.02905232273042202,97,0.020199283044512926,LOW_CONFIDENCE,0,,
1407,2026-09-13T06:34:38+00:00,Human non-vocal,0.03740315139293671,97,0.020186336326394393,LOW_CONFIDENCE,0,,
1408,2026-09-13T06:34:39+00:00,Eastern Crested Guineafowl,0.014767504297196865,97,0.021869496566202018,LOW_CONFIDENCE,0,,
1409,2026-09-13T06:34:41+00:00,Cinnabar Boobook,0.07362157106399536,97,0.023010871887256798,NON_WHITELISTED,0,,
1410,2026-09-13T06:34:42+00:00,Cinnabar Boobook,0.17259010672569275,97,0.011403981348796636,NON_WHITELISTED,0,,
1411,2026-09-13T06:35:32+00:00,Striped Cuckoo,0.030924594029784203,97,0.01177899357740825,LOW_CONFIDENCE,0,,
1412,2026-09-13T06:35:33+00:00,White-throated Kingfisher,0.04498116299510002,97,0.033744056075192874,LOW_CONFIDENCE,1,,
1413,2026-09-13T06:35:35+00:00,Brown-headed Barbet,0.03836430609226227,97,0.03212820862305659,LOW_CONFIDENCE,0,,
1414,2026-09-13T06:35:50+00:00,Mountain Scops Owl,0.07792913913726807,97,0.025081179142618523,NON_WHITELISTED,0,,
1415,2026-09-13T06:35:52+00:00,Shikra,0.08462013304233551,97,0.024571832184233425,NON_WHITELISTED,0,,
1416,2026-09-13T06:39:01+00:00,Eurasian Scops Owl,0.02707214653491974,97,0.01770240356273021,LOW_CONFIDENCE,0,,
1417,2026-09-13T06:39:02+00:00,Austral Blackbird,0.017336271703243256,97,0.019481468929756454,LOW_CONFIDENCE,0,,
1418,2026-09-13T06:41:23+00:00,Tropical Screech-Owl,0.026981625705957413,97,0.014543699526431995,LOW_CONFIDENCE,0,,
1419,2026-09-13T06:41:25+00:00,Great Bittern,0.03239676356315613,97,0.025626241782712535,LOW_CONFIDENCE,0,,
1420,2026-09-13T06:41:29+00:00,Engine,0.03263043612241745,97,0.022026216784302152,LOW_CONFIDENCE,0,,
1421,2026-09-13T06:41:41+00:00,Austral Pygmy-Owl,0.2287084460258484,97,0.010761129145314255,NON_WHITELISTED,0,,
1422,2026-09-13T06:41:43+00:00,Pink-footed Goose,0.02305525168776512,97,0.012681845049760797,LOW_CONFIDENCE,0,,
1423,2026-09-13T06:47:47+00:00,Great Bittern,0.26698800921440125,97,0.011386477858273916,NON_WHITELISTED,0,,
1424,2026-09-13T06:47:49+00:00,Great Bittern,0.10242360085248947,97,0.011176506767931287,NON_WHITELISTED,0,,
1425,2026-09-13T06:48:20+00:00,Great Bittern,0.975753903388977,97,0.011225641401367076,NON_WHITELISTED,0,,
1426,2026-09-13T07:02:53+00:00,Engine,0.057294104248285294,99,0.016230038015303636,NON_WHITELISTED,0,,
1427,2026-09-13T07:02:55+00:00,Engine,0.03559546545147896,99,0.017446748137790333,LOW_CONFIDENCE,0,,
1428,2026-09-13T07:16:47+00:00,Spotted Sandpiper,0.042863283306360245,100,0.014519233997100329,LOW_CONFIDENCE,0,,
1429,2026-09-13T07:16:48+00:00,Great-tailed Grackle,0.10622254014015198,100,0.017801537804992218,NON_WHITELISTED,0,,
1430,2026-09-13T07:16:48+00:00,Great-tailed Grackle,0.13693290948867798,100,0.01253154777356308,NON_WHITELISTED,0,,
1431,2026-09-13T07:17:02+00:00,Rufous-gorgeted Flycatcher,0.02682347223162651,100,0.016361649878621428,LOW_CONFIDENCE,0,,
1432,2026-09-13T07:17:04+00:00,Spotted Sandpiper,0.014049128629267216,100,0.016202435394525854,LOW_CONFIDENCE,0,,
1433,2026-09-13T07:21:09+00:00,Shikra,0.09155554324388504,100,0.01331788900681488,NON_WHITELISTED,0,,
1434,2026-09-13T07:21:09+00:00,Shikra,0.09233539551496506,100,0.014735253696635107,NON_WHITELISTED,0,,
1435,2026-09-13T07:34:07+00:00,Orange-headed Thrush,0.021745670586824417,100,0.010887907798067732,LOW_CONFIDENCE,0,,
1436,2026-09-13T07:34:08+00:00,Shikra,0.026670653373003006,100,0.012703327154765657,LOW_CONFIDENCE,0,,
1437,2026-09-13T07:34:10+00:00,Spotted Dove,0.03718150779604912,100,0.012369811486806314,LOW_CONFIDENCE,1,,
1438,2026-09-13T07:34:11+00:00,Spotted Dove,0.019282523542642593,100,0.01083370556209813,LOW_CONFIDENCE,1,,
1439,2026-09-13T07:34:13+00:00,Greater Coucal,0.05347447097301483,100,0.010468416641117952,CANDIDATE,1,,
1440,2026-09-13T07:34:14+00:00,Greater Coucal,0.03462096303701401,100,0.012452799894381195,LOW_CONFIDENCE,1,,
1441,2026-09-13T07:34:16+00:00,Brown Rock Chat,0.058542270213365555,100,0.012394760219397677,NON_WHITELISTED,0,,
1442,2026-09-13T07:34:17+00:00,Brown Rock Chat,0.17973658442497253,100,0.01173623381664617,NON_WHITELISTED,0,,
1443,2026-09-13T07:34:19+00:00,Magdalena Antbird,0.06343449652194977,100,0.018426477892105286,NON_WHITELISTED,0,,
1444,2026-09-13T07:34:20+00:00,Magdalena Antbird,0.0777655690908432,100,0.020958214845569697,NON_WHITELISTED,0,,
1445,2026-09-13T07:34:22+00:00,Greater Coucal,0.04484328255057335,100,0.020547272797963107,LOW_CONFIDENCE,1,,
1446,2026-09-13T07:34:23+00:00,Yellow-billed Babbler,0.07114709913730621,100,0.02084039546771707,NON_WHITELISTED,0,,
1447,2026-09-13T07:34:25+00:00,Grey-headed Canary-Flycatcher,0.03918909654021263,100,0.02157419221082888,LOW_CONFIDENCE,0,,
1448,2026-09-13T07:34:26+00:00,Yellow-billed Babbler,0.04281892254948616,100,0.022216688513438502,LOW_CONFIDENCE,0,,
1449,2026-09-13T07:34:28+00:00,Yellow-billed Babbler,0.04774871841073036,100,0.02199957488735027,LOW_CONFIDENCE,0,,
1450,2026-09-13T07:34:32+00:00,Yellow-billed Babbler,0.07160858809947968,100,0.02315265746300421,NON_WHITELISTED,0,,
1451,2026-09-13T07:34:35+00:00,Yellow-billed Babbler,0.06458065658807755,100,0.0227607720616605,NON_WHITELISTED,0,,
1452,2026-09-13T07:34:35+00:00,Brown Rock Chat,0.03325510397553444,100,0.02517156120462628,LOW_CONFIDENCE,0,,
1453,2026-09-13T07:34:36+00:00,Yellow-billed Babbler,0.07047975808382034,100,0.026448601222263057,NON_WHITELISTED,0,,
1454,2026-09-13T07:34:36+00:00,Brown Rock Chat,0.07552141696214676,100,0.02369025276682587,NON_WHITELISTED,0,,
1455,2026-09-13T07:34:37+00:00,Yellow-billed Babbler,0.021474553272128105,100,0.01990271617288667,LOW_CONFIDENCE,0,,
1456,2026-09-13T07:34:38+00:00,Yellow-billed Babbler,0.035950545221567154,100,0.013913317136455163,LOW_CONFIDENCE,0,,
1457,2026-09-13T07:34:40+00:00,Greater Coucal,0.023940231651067734,100,0.011065965966899925,LOW_CONFIDENCE,1,,
1458,2026-09-13T07:34:41+00:00,Greater Coucal,0.06047280132770538,100,0.011395851114025617,CANDIDATE,1,,
1459,2026-09-13T07:34:43+00:00,Brown Rock Chat,0.09516424685716629,100,0.011442118156580616,NON_WHITELISTED,0,,
1460,2026-09-13T07:34:44+00:00,Oriental Magpie-Robin,0.039832402020692825,100,0.010137193636321162,LOW_CONFIDENCE,0,,
1461,2026-09-13T07:34:47+00:00,Greater Coucal,0.040833115577697754,100,0.010002385887253138,LOW_CONFIDENCE,1,,
1462,2026-09-13T07:34:49+00:00,Greater Coucal,0.045870184898376465,100,0.01049914133155531,LOW_CONFIDENCE,1,,
1463,2026-09-13T07:34:50+00:00,Greater Coucal,0.1924680471420288,100,0.011758366074310123,CANDIDATE,1,,
1464,2026-09-13T07:34:52+00:00,Magdalena Antbird,0.28560012578964233,100,0.010754346531059689,NON_WHITELISTED,0,,
1465,2026-09-13T07:34:52+00:00,Greater Coucal,0.1924680471420288,100,0.010754346531059689,CONFIRMED,1,/app/python/spectrograms/1465_Greater_Coucal.png,"{""mfcc_mean"": [-602.2418212890625, 101.2036361694336, 3.9553844928741455, 46.48262405395508, 29.59011459350586, -10.000646591186523, 22.88448143005371, 32.896427154541016, -13.787605285644531, -4.433136940002441, 17.361919403076172, 8.386800765991211, -20.805259704589844], ""mfcc_std"": [27.60162353515625, 19.223787307739258, 19.753013610839844, 18.11206817626953, 10.980782508850098, 9.513216972351074, 12.857447624206543, 13.118400573730469, 10.193215370178223, 13.41619873046875, 14.319347381591797, 7.720326900482178, 13.128544807434082], ""spectral_centroid_mean"": 4202.4966691263935, ""spectral_bandwidth_mean"": 4200.565585695017, ""spectral_rolloff_mean"": 6735.871010638298, ""zero_crossing_rate_mean"": 0.12365462932180851, ""rms_mean"": 0.0070421043783426285, ""spectral_flatness_mean"": 0.0017664229962974787}"
1466,2026-09-13T07:34:53+00:00,Magdalena Antbird,0.27512651681900024,100,0.010325321568389983,NON_WHITELISTED,0,,
1467,2026-09-13T07:34:55+00:00,Greater Coucal,0.06713372468948364,100,0.010127153998844606,CANDIDATE,1,,
1468,2026-09-13T07:34:58+00:00,Magdalena Antbird,0.032130759209394455,100,0.010285533004054326,LOW_CONFIDENCE,0,,
1469,2026-09-13T07:34:59+00:00,Greater Coucal,0.07702795416116714,100,0.010707624892905509,CANDIDATE,1,,
1470,2026-09-13T07:35:12+00:00,Greater Coucal,0.08962263911962509,100,0.01003930281734299,CANDIDATE,1,,
1471,2026-09-13T07:35:17+00:00,Magdalena Antbird,0.08666589111089706,100,0.010891728279377835,NON_WHITELISTED,0,,
1472,2026-09-13T07:35:28+00:00,Brown Rock Chat,0.11512038856744766,100,0.010883751324401744,NON_WHITELISTED,0,,
1473,2026-09-13T07:35:29+00:00,Magdalena Antbird,0.17090390622615814,100,0.012097888945491244,NON_WHITELISTED,0,,
1474,2026-09-13T07:35:31+00:00,Brown Rock Chat,0.15273796021938324,100,0.012225659356410658,NON_WHITELISTED,0,,
1475,2026-09-13T07:35:32+00:00,Brown Rock Chat,0.031900569796562195,100,0.01351431633014737,LOW_CONFIDENCE,0,,
1476,2026-09-13T07:35:34+00:00,Pied Puffbird,0.1260082870721817,100,0.0135036924165152,NON_WHITELISTED,0,,
1477,2026-09-13T07:35:35+00:00,Bronze-winged Jacana,0.0841270163655281,100,0.011812325154959589,NON_WHITELISTED,0,,
1478,2026-09-13T07:35:37+00:00,Greater Coucal,0.08107762038707733,100,0.010073225465039831,CANDIDATE,1,,
1479,2026-09-13T07:35:38+00:00,Greater Coucal,0.05392848700284958,100,0.010446961402828622,CANDIDATE,1,,
1480,2026-09-13T07:35:38+00:00,Greater Coucal,0.08107762038707733,100,0.010446961402828622,CONFIRMED,1,/app/python/spectrograms/1480_Greater_Coucal.png,"{""mfcc_mean"": [-590.7655029296875, 108.13818359375, -0.31060248613357544, 44.09234619140625, 29.416975021362305, -12.748218536376953, 21.45297622680664, 30.477968215942383, -15.121308326721191, -3.678159475326538, 12.863554000854492, 7.833210468292236, -21.125255584716797], ""mfcc_std"": [34.858543395996094, 22.66078758239746, 22.181058883666992, 18.3775634765625, 12.659146308898926, 13.1893892288208, 14.24636459350586, 16.020048141479492, 10.160571098327637, 12.838624954223633, 11.926441192626953, 7.64475679397583, 14.00936222076416], ""spectral_centroid_mean"": 4077.263569739687, ""spectral_bandwidth_mean"": 4148.724404057243, ""spectral_rolloff_mean"": 6865.192819148936, ""zero_crossing_rate_mean"": 0.12061932070035461, ""rms_mean"": 0.007221471983939409, ""spectral_flatness_mean"": 0.002610143506899476}"
1481,2026-09-13T07:35:40+00:00,Bronze-winged Jacana,0.06020379811525345,100,0.010888909266638727,NON_WHITELISTED,0,,
1482,2026-09-13T07:35:41+00:00,Greater Coucal,0.0730244442820549,100,0.010830853619355896,CANDIDATE,1,,
1483,2026-09-13T07:35:43+00:00,Greater Coucal,0.09853522479534149,100,0.011527350700977431,CANDIDATE,1,,
1484,2026-09-13T07:35:47+00:00,Greater Coucal,0.16986829042434692,100,0.011795645667284652,CANDIDATE,1,,
1485,2026-09-13T07:35:49+00:00,Northern Jacana,0.06364993751049042,100,0.010584368118629823,NON_WHITELISTED,0,,
1486,2026-09-13T07:35:56+00:00,Greater Coucal,0.042878635227680206,100,0.013412600618381176,LOW_CONFIDENCE,1,,
1487,2026-09-13T07:35:58+00:00,Greater Coucal,0.038487453013658524,100,0.017561627435352434,LOW_CONFIDENCE,1,,
1488,2026-09-13T07:35:59+00:00,Greater Coucal,0.0222576055675745,100,0.017560899038842104,LOW_CONFIDENCE,1,,
1489,2026-09-13T07:36:01+00:00,Yellow-billed Babbler,0.01105229090899229,100,0.014523597414600761,LOW_CONFIDENCE,0,,
1490,2026-09-13T07:36:18+00:00,Greater Coucal,0.1685105264186859,100,0.010059094006942427,CANDIDATE,1,,
1491,2026-09-13T07:39:33+00:00,Greater Coucal,0.03819245845079422,100,0.011253411895667158,LOW_CONFIDENCE,1,,
1492,2026-09-13T07:41:21+00:00,Brown Shrike,0.04213607311248779,100,0.01243682401791687,LOW_CONFIDENCE,0,,
1493,2026-09-13T07:41:21+00:00,Yellow-billed Babbler,0.31050679087638855,100,0.011496669889071527,NON_WHITELISTED,0,,
1494,2026-09-13T07:43:17+00:00,House Crow,0.2290816307067871,100,0.014729331222663308,CANDIDATE,1,,
1495,2026-09-13T07:43:18+00:00,Brown Rock Chat,0.2499825656414032,100,0.015753791220005,NON_WHITELISTED,0,,
1496,2026-09-13T07:43:37+00:00,Great Bittern,0.23360158503055573,100,0.010259967279530309,NON_WHITELISTED,0,,
1497,2026-09-13T07:43:38+00:00,Yellow-billed Babbler,0.07048346847295761,100,0.010068553669510143,NON_WHITELISTED,0,,
1498,2026-09-13T07:48:53+00:00,Oriental Magpie-Robin,0.015168904326856136,100,0.0118172904988955,LOW_CONFIDENCE,0,,
1499,2026-09-13T07:48:55+00:00,Greater Coucal,0.05648865923285484,100,0.012380411530289556,CANDIDATE,1,,
1500,2026-09-13T07:48:56+00:00,Brown Rock Chat,0.021792855113744736,100,0.011532290730870127,LOW_CONFIDENCE,0,,
1501,2026-09-13T07:48:57+00:00,Oriental Magpie-Robin,0.0157071091234684,100,0.01410524938878464,LOW_CONFIDENCE,0,,
1502,2026-09-13T07:48:59+00:00,Rufous-gorgeted Flycatcher,0.06735540926456451,100,0.01258974839997392,NON_WHITELISTED,0,,
1503,2026-09-13T07:49:00+00:00,Yellow-billed Babbler,0.23177368938922882,100,0.010280631885254835,NON_WHITELISTED,0,,
1504,2026-09-13T07:49:02+00:00,Yellow-billed Babbler,0.06454267352819443,100,0.010550329509921913,NON_WHITELISTED,0,,
1505,2026-09-13T07:49:41+00:00,Brown Rock Chat,0.05991397053003311,100,0.010548889222450371,NON_WHITELISTED,0,,
1506,2026-09-13T07:49:43+00:00,Spot-breasted Fantail,0.08884018659591675,100,0.013774937053045831,NON_WHITELISTED,0,,
1507,2026-09-13T07:49:44+00:00,Broad-winged Hawk,0.117010697722435,100,0.012103295029018545,NON_WHITELISTED,0,,
1508,2026-09-13T07:50:54+00:00,Yellow-billed Babbler,0.25378894805908203,100,0.011298216692438315,NON_WHITELISTED,0,,
1509,2026-09-13T07:50:55+00:00,Yellow-billed Babbler,0.15842705965042114,100,0.011909234516098112,NON_WHITELISTED,0,,
1510,2026-09-13T07:52:17+00:00,Human vocal,0.06584460288286209,100,0.023822831072260606,NON_WHITELISTED,0,,
1511,2026-09-13T07:52:18+00:00,Human vocal,0.11371706426143646,100,0.030113356928036225,NON_WHITELISTED,0,,
1512,2026-09-13T07:52:20+00:00,Grey Hawk,0.043328676372766495,100,0.019093006739762303,LOW_CONFIDENCE,0,,
1513,2026-09-13T07:54:00+00:00,Great Tit,0.12089358270168304,100,0.024072241942035326,NON_WHITELISTED,0,,
1514,2026-09-13T07:54:02+00:00,Brown Rock Chat,0.09298129379749298,100,0.024617098301452783,NON_WHITELISTED,0,,
1515,2026-09-13T07:56:37+00:00,Common Myna,0.05344300717115402,100,0.013994230464094853,CANDIDATE,1,,
1516,2026-09-13T07:56:38+00:00,Shikra,0.044397059828042984,100,0.014513521489804823,LOW_CONFIDENCE,0,,
1517,2026-09-13T07:57:44+00:00,Black-faced Solitaire,0.029129240661859512,100,0.010255121031249826,LOW_CONFIDENCE,0,,
1518,2026-09-13T07:57:58+00:00,Spotless Starling,0.06778565049171448,100,0.012924166078396212,NON_WHITELISTED,0,,
1519,2026-09-13T07:57:59+00:00,House Sparrow,0.03632499650120735,100,0.013209631610770534,LOW_CONFIDENCE,1,,
1520,2026-09-13T07:59:40+00:00,Large Grey Babbler,0.2437179833650589,100,0.031266289201369334,NON_WHITELISTED,0,,
1521,2026-09-13T07:59:41+00:00,Large Grey Babbler,0.05589059367775917,100,0.031300070991010835,NON_WHITELISTED,0,,
1522,2026-09-13T07:59:59+00:00,Black Drongo,0.06172174587845802,100,0.013194745753332706,NON_WHITELISTED,0,,
1523,2026-09-13T07:59:59+00:00,Shikra,0.06378660351037979,100,0.013001507504135144,NON_WHITELISTED,0,,
1524,2026-09-13T08:09:41+00:00,Great Bittern,0.4380894601345062,100,0.01166061319605864,NON_WHITELISTED,0,,
1525,2026-09-13T08:09:43+00:00,Great Bittern,0.2890600860118866,100,0.010986492336786767,NON_WHITELISTED,0,,
1526,2026-09-13T08:09:58+00:00,Black Drongo,0.139153391122818,100,0.010697744967058971,NON_WHITELISTED,0,,
1527,2026-09-13T08:09:59+00:00,Black Drongo,0.12655222415924072,100,0.017716741177968353,NON_WHITELISTED,0,,
1528,2026-09-13T08:10:01+00:00,Black Drongo,0.09682923555374146,100,0.01734455839694113,NON_WHITELISTED,0,,
1529,2026-09-13T08:10:55+00:00,Asian Koel,0.8988365530967712,100,0.010142115992651869,CANDIDATE,1,,
1530,2026-09-13T08:17:35+00:00,Eastern Spinebill,0.10763334482908249,100,0.010102820218353653,NON_WHITELISTED,0,,
1531,2026-09-13T08:17:35+00:00,Shikra,0.03918856754899025,100,0.014083820998653445,LOW_CONFIDENCE,0,,
1532,2026-09-13T08:17:37+00:00,Great Bittern,0.7811113595962524,100,0.024073661594188767,NON_WHITELISTED,0,,
1533,2026-09-13T08:17:38+00:00,Great Bittern,0.7696486711502075,100,0.02654563516997371,NON_WHITELISTED,0,,
1534,2026-09-13T08:17:40+00:00,Great Bittern,0.8888798356056213,100,0.020714437145503275,NON_WHITELISTED,0,,
1535,2026-09-13T08:17:41+00:00,Great Bittern,0.744027853012085,100,0.01775629323702076,NON_WHITELISTED,0,,
1536,2026-09-13T08:17:43+00:00,Great Bittern,0.26535913348197937,100,0.011919961649486622,NON_WHITELISTED,0,,
1537,2026-09-13T08:21:53+00:00,Austral Blackbird,0.034024257212877274,100,0.010894215795809783,LOW_CONFIDENCE,0,,
1538,2026-09-13T08:21:55+00:00,Austral Pygmy-Owl,0.04138360545039177,100,0.016781347046009892,LOW_CONFIDENCE,0,,
1539,2026-09-13T08:21:56+00:00,Engine,0.13921116292476654,100,0.017178076381606348,NON_WHITELISTED,0,,
1540,2026-09-13T08:22:05+00:00,Engine,0.07527905702590942,100,0.010296578158408166,NON_WHITELISTED,0,,
1541,2026-09-13T08:22:07+00:00,Rock Dove,0.029548795893788338,100,0.01026682684731211,LOW_CONFIDENCE,0,,
1542,2026-09-13T08:26:46+00:00,Human vocal,0.10088266432285309,100,0.01014087708835263,NON_WHITELISTED,0,,
1543,2026-09-13T08:27:00+00:00,Human vocal,0.5024791359901428,100,0.010976955382024752,NON_WHITELISTED,0,,
1544,2026-09-13T08:27:05+00:00,Rock Dove,0.09335022419691086,100,0.02555249009158733,NON_WHITELISTED,0,,
1545,2026-09-13T08:27:07+00:00,Rock Dove,0.06068125739693642,100,0.02616201078406932,NON_WHITELISTED,0,,
1546,2026-09-13T08:27:14+00:00,Human vocal,0.6312862634658813,100,0.014136179664309396,NON_WHITELISTED,0,,
1547,2026-09-13T08:27:16+00:00,Human vocal,0.14672231674194336,100,0.012202578498599514,NON_WHITELISTED,0,,
1548,2026-09-13T08:27:17+00:00,House Sparrow,0.17183373868465424,100,0.021782093539366866,CANDIDATE,1,,
1549,2026-09-13T08:27:18+00:00,House Sparrow,0.23832330107688904,100,0.02229999562783765,CANDIDATE,1,,
1550,2026-09-13T08:27:19+00:00,House Sparrow,0.23832330107688904,100,0.02229999562783765,CONFIRMED,1,/app/python/spectrograms/1550_House_Sparrow.png,"{""mfcc_mean"": [-536.4765625, 89.9988021850586, 45.7872200012207, 20.424867630004883, 14.271560668945312, 10.067964553833008, 5.892045021057129, 4.997482776641846, 4.038910388946533, 2.7072243690490723, 3.9033727645874023, 4.511256694793701, 1.016603708267212], ""mfcc_std"": [59.007816314697266, 54.99343490600586, 17.581775665283203, 20.000364303588867, 12.591145515441895, 8.93612003326416, 7.955497741699219, 6.470341682434082, 7.092513561248779, 5.019871711730957, 6.290478229522705, 7.08305025100708, 5.860692024230957], ""spectral_centroid_mean"": 3199.9640391996386, ""spectral_bandwidth_mean"": 5016.4803584479105, ""spectral_rolloff_mean"": 8624.168882978724, ""zero_crossing_rate_mean"": 0.040994847074468085, ""rms_mean"": 0.008891322650015354, ""spectral_flatness_mean"": 0.005526885390281677}"
1551,2026-09-13T08:27:37+00:00,Human vocal,0.36883217096328735,100,0.01372241454681597,NON_WHITELISTED,0,,
1552,2026-09-13T08:27:38+00:00,Human vocal,0.28108665347099304,100,0.019109208635391745,NON_WHITELISTED,0,,
1553,2026-09-13T08:27:39+00:00,Large-billed Crow,0.10485102236270905,100,0.013929721994038703,NON_WHITELISTED,0,,
1554,2026-09-13T08:28:05+00:00,Human vocal,0.21424619853496552,100,0.012971473620297184,NON_WHITELISTED,0,,
1555,2026-09-13T08:28:19+00:00,Human vocal,0.6709500551223755,100,0.01488441314055431,NON_WHITELISTED,0,,
1556,2026-09-13T08:28:20+00:00,Human vocal,0.3309757709503174,100,0.013132804168711001,NON_WHITELISTED,0,,
1557,2026-09-13T08:33:11+00:00,Peregrine Falcon,0.15630917251110077,100,0.018579973381785964,NON_WHITELISTED,0,,
1558,2026-09-13T08:33:12+00:00,Peregrine Falcon,0.681993842124939,100,0.019632495278774927,NON_WHITELISTED,0,,
1559,2026-09-13T08:36:14+00:00,Engine,0.07253849506378174,100,0.010116985498719524,NON_WHITELISTED,0,,
1560,2026-09-13T08:37:05+00:00,Human vocal,0.06604164093732834,100,0.022230861303376766,NON_WHITELISTED,0,,
1561,2026-09-13T08:37:07+00:00,Human vocal,0.08084838092327118,100,0.02161075898354895,NON_WHITELISTED,0,,
1562,2026-09-13T08:37:37+00:00,Austral Pygmy-Owl,0.06318975239992142,100,0.01121057215249796,NON_WHITELISTED,0,,
1563,2026-09-13T08:38:53+00:00,Shikra,0.08564871549606323,100,0.014926123617034036,NON_WHITELISTED,0,,
1564,2026-09-13T08:38:55+00:00,Human vocal,0.054967280477285385,100,0.01827792644942806,NON_WHITELISTED,0,,
1565,2026-09-13T08:38:56+00:00,Austral Pygmy-Owl,0.02434779703617096,100,0.011049293593503517,LOW_CONFIDENCE,0,,
1566,2026-09-13T08:40:37+00:00,Human vocal,0.15423478186130524,100,0.022404422834716477,NON_WHITELISTED,0,,
1567,2026-09-13T08:40:38+00:00,Gray Wolf,0.23067784309387207,100,0.023224530227413765,NON_WHITELISTED,0,,
1568,2026-09-13T08:41:00+00:00,Human vocal,0.17471596598625183,100,0.019201851439551727,NON_WHITELISTED,0,,
1569,2026-09-13T08:41:02+00:00,Human vocal,0.18050353229045868,100,0.019207622996067472,NON_WHITELISTED,0,,
1570,2026-09-13T08:41:12+00:00,Human vocal,0.16279250383377075,100,0.02067535490147965,NON_WHITELISTED,0,,
1571,2026-09-13T08:41:14+00:00,Human vocal,0.13165214657783508,100,0.019420540359023387,NON_WHITELISTED,0,,
1572,2026-09-13T08:41:55+00:00,Yellow-naped Parrot,0.040759745985269547,100,0.012857310637947218,LOW_CONFIDENCE,0,,
1573,2026-09-13T08:41:56+00:00,Human vocal,0.0926649272441864,100,0.03238412486720774,NON_WHITELISTED,0,,
1574,2026-09-13T08:41:58+00:00,Red-vented Bulbul,0.03150695189833641,100,0.029844663226588634,LOW_CONFIDENCE,1,,
1575,2026-09-13T08:42:22+00:00,Human non-vocal,0.04795241728425026,100,0.012242005052761556,LOW_CONFIDENCE,0,,
1576,2026-09-13T08:42:23+00:00,Austral Pygmy-Owl,0.10987714678049088,100,0.01540120945253001,NON_WHITELISTED,0,,
1577,2026-09-13T08:42:25+00:00,African Collared Dove,0.02179259993135929,100,0.025969752569200224,LOW_CONFIDENCE,0,,
1578,2026-09-13T08:42:26+00:00,Buff-spotted Flufftail,0.06675125658512115,100,0.02424557267162304,NON_WHITELISTED,0,,
1579,2026-09-13T08:43:05+00:00,Human vocal,0.24043044447898865,100,0.011570785518976258,NON_WHITELISTED,0,,
1580,2026-09-13T08:43:07+00:00,Human vocal,0.12272811681032181,100,0.011400067458617675,NON_WHITELISTED,0,,
1581,2026-09-13T08:44:20+00:00,Engine,0.23706167936325073,100,0.013908234485218945,NON_WHITELISTED,0,,
